cal_date,cal_mon,cal_mon_name,cal_day,cal_year,weekday,weekday_name,fiscal_year,qtr_num,qtr_name
01/01/2013,1,Jan,1,2013,4,Tue,FY13,1,Q1
01/02/2013,1,Jan,2,2013,5,Wed,FY13,1,Q1
01/03/2013,1,Jan,3,2013,6,Thu,FY13,1,Q1
01/04/2013,1,Jan,4,2013,7,Fri,FY13,1,Q1
01/05/2013,1,Jan,5,2013,1,Sat,FY13,1,Q1
01/06/2013,1,Jan,6,2013,2,Sun,FY13,1,Q1
01/07/2013,1,Jan,7,2013,3,Mon,FY13,1,Q1
01/08/2013,1,Jan,8,2013,4,Tue,FY13,1,Q1
01/09/2013,1,Jan,9,2013,5,Wed,FY13,1,Q1
01/10/2013,1,Jan,10,2013,6,Thu,FY13,1,Q1
01/11/2013,1,Jan,11,2013,7,Fri,FY13,1,Q1
01/12/2013,1,Jan,12,2013,1,Sat,FY13,1,Q1
01/13/2013,1,Jan,13,2013,2,Sun,FY13,1,Q1
01/14/2013,1,Jan,14,2013,3,Mon,FY13,1,Q1
01/15/2013,1,Jan,15,2013,4,Tue,FY13,1,Q1
01/16/2013,1,Jan,16,2013,5,Wed,FY13,1,Q1
01/17/2013,1,Jan,17,2013,6,Thu,FY13,1,Q1
01/18/2013,1,Jan,18,2013,7,Fri,FY13,1,Q1
01/19/2013,1,Jan,19,2013,1,Sat,FY13,1,Q1
01/20/2013,1,Jan,20,2013,2,Sun,FY13,1,Q1
01/21/2013,1,Jan,21,2013,3,Mon,FY13,1,Q1
01/22/2013,1,Jan,22,2013,4,Tue,FY13,1,Q1
01/23/2013,1,Jan,23,2013,5,Wed,FY13,1,Q1
01/24/2013,1,Jan,24,2013,6,Thu,FY13,1,Q1
01/25/2013,1,Jan,25,2013,7,Fri,FY13,1,Q1
01/26/2013,1,Jan,26,2013,1,Sat,FY13,1,Q1
01/27/2013,1,Jan,27,2013,2,Sun,FY13,1,Q1
01/28/2013,1,Jan,28,2013,3,Mon,FY13,1,Q1
01/29/2013,1,Jan,29,2013,4,Tue,FY13,1,Q1
01/30/2013,1,Jan,30,2013,5,Wed,FY13,1,Q1
01/31/2013,1,Jan,31,2013,6,Thu,FY13,1,Q1
02/01/2013,2,Feb,1,2013,7,Fri,FY13,1,Q1
02/02/2013,2,Feb,2,2013,1,Sat,FY13,1,Q1
02/03/2013,2,Feb,3,2013,2,Sun,FY13,1,Q1
02/04/2013,2,Feb,4,2013,3,Mon,FY13,1,Q1
02/05/2013,2,Feb,5,2013,4,Tue,FY13,1,Q1
02/06/2013,2,Feb,6,2013,5,Wed,FY13,1,Q1
02/07/2013,2,Feb,7,2013,6,Thu,FY13,1,Q1
02/08/2013,2,Feb,8,2013,7,Fri,FY13,1,Q1
02/09/2013,2,Feb,9,2013,1,Sat,FY13,1,Q1
02/10/2013,2,Feb,10,2013,2,Sun,FY13,1,Q1
02/11/2013,2,Feb,11,2013,3,Mon,FY13,1,Q1
02/12/2013,2,Feb,12,2013,4,Tue,FY13,1,Q1
02/13/2013,2,Feb,13,2013,5,Wed,FY13,1,Q1
02/14/2013,2,Feb,14,2013,6,Thu,FY13,1,Q1
02/15/2013,2,Feb,15,2013,7,Fri,FY13,1,Q1
02/16/2013,2,Feb,16,2013,1,Sat,FY13,1,Q1
02/17/2013,2,Feb,17,2013,2,Sun,FY13,1,Q1
02/18/2013,2,Feb,18,2013,3,Mon,FY13,1,Q1
02/19/2013,2,Feb,19,2013,4,Tue,FY13,1,Q1
02/20/2013,2,Feb,20,2013,5,Wed,FY13,1,Q1
02/21/2013,2,Feb,21,2013,6,Thu,FY13,1,Q1
02/22/2013,2,Feb,22,2013,7,Fri,FY13,1,Q1
02/23/2013,2,Feb,23,2013,1,Sat,FY13,1,Q1
02/24/2013,2,Feb,24,2013,2,Sun,FY13,1,Q1
02/25/2013,2,Feb,25,2013,3,Mon,FY13,1,Q1
02/26/2013,2,Feb,26,2013,4,Tue,FY13,1,Q1
02/27/2013,2,Feb,27,2013,5,Wed,FY13,1,Q1
02/28/2013,2,Feb,28,2013,6,Thu,FY13,1,Q1
03/01/2013,3,Mar,1,2013,7,Fri,FY13,1,Q1
03/02/2013,3,Mar,2,2013,1,Sat,FY13,1,Q1
03/03/2013,3,Mar,3,2013,2,Sun,FY13,1,Q1
03/04/2013,3,Mar,4,2013,3,Mon,FY13,1,Q1
03/05/2013,3,Mar,5,2013,4,Tue,FY13,1,Q1
03/06/2013,3,Mar,6,2013,5,Wed,FY13,1,Q1
03/07/2013,3,Mar,7,2013,6,Thu,FY13,1,Q1
03/08/2013,3,Mar,8,2013,7,Fri,FY13,1,Q1
03/09/2013,3,Mar,9,2013,1,Sat,FY13,1,Q1
03/10/2013,3,Mar,10,2013,2,Sun,FY13,1,Q1
03/11/2013,3,Mar,11,2013,3,Mon,FY13,1,Q1
03/12/2013,3,Mar,12,2013,4,Tue,FY13,1,Q1
03/13/2013,3,Mar,13,2013,5,Wed,FY13,1,Q1
03/14/2013,3,Mar,14,2013,6,Thu,FY13,1,Q1
03/15/2013,3,Mar,15,2013,7,Fri,FY13,1,Q1
03/16/2013,3,Mar,16,2013,1,Sat,FY13,1,Q1
03/17/2013,3,Mar,17,2013,2,Sun,FY13,1,Q1
03/18/2013,3,Mar,18,2013,3,Mon,FY13,1,Q1
03/19/2013,3,Mar,19,2013,4,Tue,FY13,1,Q1
03/20/2013,3,Mar,20,2013,5,Wed,FY13,1,Q1
03/21/2013,3,Mar,21,2013,6,Thu,FY13,1,Q1
03/22/2013,3,Mar,22,2013,7,Fri,FY13,1,Q1
03/23/2013,3,Mar,23,2013,1,Sat,FY13,1,Q1
03/24/2013,3,Mar,24,2013,2,Sun,FY13,1,Q1
03/25/2013,3,Mar,25,2013,3,Mon,FY13,1,Q1
03/26/2013,3,Mar,26,2013,4,Tue,FY13,1,Q1
03/27/2013,3,Mar,27,2013,5,Wed,FY13,1,Q1
03/28/2013,3,Mar,28,2013,6,Thu,FY13,1,Q1
03/29/2013,3,Mar,29,2013,7,Fri,FY13,1,Q1
03/30/2013,3,Mar,30,2013,1,Sat,FY13,1,Q1
03/31/2013,3,Mar,31,2013,2,Sun,FY13,1,Q1
04/01/2013,4,Apr,1,2013,3,Mon,FY13,2,Q2
04/02/2013,4,Apr,2,2013,4,Tue,FY13,2,Q2
04/03/2013,4,Apr,3,2013,5,Wed,FY13,2,Q2
04/04/2013,4,Apr,4,2013,6,Thu,FY13,2,Q2
04/05/2013,4,Apr,5,2013,7,Fri,FY13,2,Q2
04/06/2013,4,Apr,6,2013,1,Sat,FY13,2,Q2
04/07/2013,4,Apr,7,2013,2,Sun,FY13,2,Q2
04/08/2013,4,Apr,8,2013,3,Mon,FY13,2,Q2
04/09/2013,4,Apr,9,2013,4,Tue,FY13,2,Q2
04/10/2013,4,Apr,10,2013,5,Wed,FY13,2,Q2
04/11/2013,4,Apr,11,2013,6,Thu,FY13,2,Q2
04/12/2013,4,Apr,12,2013,7,Fri,FY13,2,Q2
04/13/2013,4,Apr,13,2013,1,Sat,FY13,2,Q2
04/14/2013,4,Apr,14,2013,2,Sun,FY13,2,Q2
04/15/2013,4,Apr,15,2013,3,Mon,FY13,2,Q2
04/16/2013,4,Apr,16,2013,4,Tue,FY13,2,Q2
04/17/2013,4,Apr,17,2013,5,Wed,FY13,2,Q2
04/18/2013,4,Apr,18,2013,6,Thu,FY13,2,Q2
04/19/2013,4,Apr,19,2013,7,Fri,FY13,2,Q2
04/20/2013,4,Apr,20,2013,1,Sat,FY13,2,Q2
04/21/2013,4,Apr,21,2013,2,Sun,FY13,2,Q2
04/22/2013,4,Apr,22,2013,3,Mon,FY13,2,Q2
04/23/2013,4,Apr,23,2013,4,Tue,FY13,2,Q2
04/24/2013,4,Apr,24,2013,5,Wed,FY13,2,Q2
04/25/2013,4,Apr,25,2013,6,Thu,FY13,2,Q2
04/26/2013,4,Apr,26,2013,7,Fri,FY13,2,Q2
04/27/2013,4,Apr,27,2013,1,Sat,FY13,2,Q2
04/28/2013,4,Apr,28,2013,2,Sun,FY13,2,Q2
04/29/2013,4,Apr,29,2013,3,Mon,FY13,2,Q2
04/30/2013,4,Apr,30,2013,4,Tue,FY13,2,Q2
05/01/2013,5,May,1,2013,5,Wed,FY13,2,Q2
05/02/2013,5,May,2,2013,6,Thu,FY13,2,Q2
05/03/2013,5,May,3,2013,7,Fri,FY13,2,Q2
05/04/2013,5,May,4,2013,1,Sat,FY13,2,Q2
05/05/2013,5,May,5,2013,2,Sun,FY13,2,Q2
05/06/2013,5,May,6,2013,3,Mon,FY13,2,Q2
05/07/2013,5,May,7,2013,4,Tue,FY13,2,Q2
05/08/2013,5,May,8,2013,5,Wed,FY13,2,Q2
05/09/2013,5,May,9,2013,6,Thu,FY13,2,Q2
05/10/2013,5,May,10,2013,7,Fri,FY13,2,Q2
05/11/2013,5,May,11,2013,1,Sat,FY13,2,Q2
05/12/2013,5,May,12,2013,2,Sun,FY13,2,Q2
05/13/2013,5,May,13,2013,3,Mon,FY13,2,Q2
05/14/2013,5,May,14,2013,4,Tue,FY13,2,Q2
05/15/2013,5,May,15,2013,5,Wed,FY13,2,Q2
05/16/2013,5,May,16,2013,6,Thu,FY13,2,Q2
05/17/2013,5,May,17,2013,7,Fri,FY13,2,Q2
05/18/2013,5,May,18,2013,1,Sat,FY13,2,Q2
05/19/2013,5,May,19,2013,2,Sun,FY13,2,Q2
05/20/2013,5,May,20,2013,3,Mon,FY13,2,Q2
05/21/2013,5,May,21,2013,4,Tue,FY13,2,Q2
05/22/2013,5,May,22,2013,5,Wed,FY13,2,Q2
05/23/2013,5,May,23,2013,6,Thu,FY13,2,Q2
05/24/2013,5,May,24,2013,7,Fri,FY13,2,Q2
05/25/2013,5,May,25,2013,1,Sat,FY13,2,Q2
05/26/2013,5,May,26,2013,2,Sun,FY13,2,Q2
05/27/2013,5,May,27,2013,3,Mon,FY13,2,Q2
05/28/2013,5,May,28,2013,4,Tue,FY13,2,Q2
05/29/2013,5,May,29,2013,5,Wed,FY13,2,Q2
05/30/2013,5,May,30,2013,6,Thu,FY13,2,Q2
05/31/2013,5,May,31,2013,7,Fri,FY13,2,Q2
06/01/2013,6,Jun,1,2013,1,Sat,FY13,2,Q2
06/02/2013,6,Jun,2,2013,2,Sun,FY13,2,Q2
06/03/2013,6,Jun,3,2013,3,Mon,FY13,2,Q2
06/04/2013,6,Jun,4,2013,4,Tue,FY13,2,Q2
06/05/2013,6,Jun,5,2013,5,Wed,FY13,2,Q2
06/06/2013,6,Jun,6,2013,6,Thu,FY13,2,Q2
06/07/2013,6,Jun,7,2013,7,Fri,FY13,2,Q2
06/08/2013,6,Jun,8,2013,1,Sat,FY13,2,Q2
06/09/2013,6,Jun,9,2013,2,Sun,FY13,2,Q2
06/10/2013,6,Jun,10,2013,3,Mon,FY13,2,Q2
06/11/2013,6,Jun,11,2013,4,Tue,FY13,2,Q2
06/12/2013,6,Jun,12,2013,5,Wed,FY13,2,Q2
06/13/2013,6,Jun,13,2013,6,Thu,FY13,2,Q2
06/14/2013,6,Jun,14,2013,7,Fri,FY13,2,Q2
06/15/2013,6,Jun,15,2013,1,Sat,FY13,2,Q2
06/16/2013,6,Jun,16,2013,2,Sun,FY13,2,Q2
06/17/2013,6,Jun,17,2013,3,Mon,FY13,2,Q2
06/18/2013,6,Jun,18,2013,4,Tue,FY13,2,Q2
06/19/2013,6,Jun,19,2013,5,Wed,FY13,2,Q2
06/20/2013,6,Jun,20,2013,6,Thu,FY13,2,Q2
06/21/2013,6,Jun,21,2013,7,Fri,FY13,2,Q2
06/22/2013,6,Jun,22,2013,1,Sat,FY13,2,Q2
06/23/2013,6,Jun,23,2013,2,Sun,FY13,2,Q2
06/24/2013,6,Jun,24,2013,3,Mon,FY13,2,Q2
06/25/2013,6,Jun,25,2013,4,Tue,FY13,2,Q2
06/26/2013,6,Jun,26,2013,5,Wed,FY13,2,Q2
06/27/2013,6,Jun,27,2013,6,Thu,FY13,2,Q2
06/28/2013,6,Jun,28,2013,7,Fri,FY13,2,Q2
06/29/2013,6,Jun,29,2013,1,Sat,FY13,2,Q2
06/30/2013,6,Jun,30,2013,2,Sun,FY13,2,Q2
07/01/2013,7,Jul,1,2013,3,Mon,FY13,3,Q3
07/02/2013,7,Jul,2,2013,4,Tue,FY13,3,Q3
07/03/2013,7,Jul,3,2013,5,Wed,FY13,3,Q3
07/04/2013,7,Jul,4,2013,6,Thu,FY13,3,Q3
07/05/2013,7,Jul,5,2013,7,Fri,FY13,3,Q3
07/06/2013,7,Jul,6,2013,1,Sat,FY13,3,Q3
07/07/2013,7,Jul,7,2013,2,Sun,FY13,3,Q3
07/08/2013,7,Jul,8,2013,3,Mon,FY13,3,Q3
07/09/2013,7,Jul,9,2013,4,Tue,FY13,3,Q3
07/10/2013,7,Jul,10,2013,5,Wed,FY13,3,Q3
07/11/2013,7,Jul,11,2013,6,Thu,FY13,3,Q3
07/12/2013,7,Jul,12,2013,7,Fri,FY13,3,Q3
07/13/2013,7,Jul,13,2013,1,Sat,FY13,3,Q3
07/14/2013,7,Jul,14,2013,2,Sun,FY13,3,Q3
07/15/2013,7,Jul,15,2013,3,Mon,FY13,3,Q3
07/16/2013,7,Jul,16,2013,4,Tue,FY13,3,Q3
07/17/2013,7,Jul,17,2013,5,Wed,FY13,3,Q3
07/18/2013,7,Jul,18,2013,6,Thu,FY13,3,Q3
07/19/2013,7,Jul,19,2013,7,Fri,FY13,3,Q3
07/20/2013,7,Jul,20,2013,1,Sat,FY13,3,Q3
07/21/2013,7,Jul,21,2013,2,Sun,FY13,3,Q3
07/22/2013,7,Jul,22,2013,3,Mon,FY13,3,Q3
07/23/2013,7,Jul,23,2013,4,Tue,FY13,3,Q3
07/24/2013,7,Jul,24,2013,5,Wed,FY13,3,Q3
07/25/2013,7,Jul,25,2013,6,Thu,FY13,3,Q3
07/26/2013,7,Jul,26,2013,7,Fri,FY13,3,Q3
07/27/2013,7,Jul,27,2013,1,Sat,FY13,3,Q3
07/28/2013,7,Jul,28,2013,2,Sun,FY13,3,Q3
07/29/2013,7,Jul,29,2013,3,Mon,FY13,3,Q3
07/30/2013,7,Jul,30,2013,4,Tue,FY13,3,Q3
07/31/2013,7,Jul,31,2013,5,Wed,FY13,3,Q3
08/01/2013,8,Aug,1,2013,6,Thu,FY13,3,Q3
08/02/2013,8,Aug,2,2013,7,Fri,FY13,3,Q3
08/03/2013,8,Aug,3,2013,1,Sat,FY13,3,Q3
08/04/2013,8,Aug,4,2013,2,Sun,FY13,3,Q3
08/05/2013,8,Aug,5,2013,3,Mon,FY13,3,Q3
08/06/2013,8,Aug,6,2013,4,Tue,FY13,3,Q3
08/07/2013,8,Aug,7,2013,5,Wed,FY13,3,Q3
08/08/2013,8,Aug,8,2013,6,Thu,FY13,3,Q3
08/09/2013,8,Aug,9,2013,7,Fri,FY13,3,Q3
08/10/2013,8,Aug,10,2013,1,Sat,FY13,3,Q3
08/11/2013,8,Aug,11,2013,2,Sun,FY13,3,Q3
08/12/2013,8,Aug,12,2013,3,Mon,FY13,3,Q3
08/13/2013,8,Aug,13,2013,4,Tue,FY13,3,Q3
08/14/2013,8,Aug,14,2013,5,Wed,FY13,3,Q3
08/15/2013,8,Aug,15,2013,6,Thu,FY13,3,Q3
08/16/2013,8,Aug,16,2013,7,Fri,FY13,3,Q3
08/17/2013,8,Aug,17,2013,1,Sat,FY13,3,Q3
08/18/2013,8,Aug,18,2013,2,Sun,FY13,3,Q3
08/19/2013,8,Aug,19,2013,3,Mon,FY13,3,Q3
08/20/2013,8,Aug,20,2013,4,Tue,FY13,3,Q3
08/21/2013,8,Aug,21,2013,5,Wed,FY13,3,Q3
08/22/2013,8,Aug,22,2013,6,Thu,FY13,3,Q3
08/23/2013,8,Aug,23,2013,7,Fri,FY13,3,Q3
08/24/2013,8,Aug,24,2013,1,Sat,FY13,3,Q3
08/25/2013,8,Aug,25,2013,2,Sun,FY13,3,Q3
08/26/2013,8,Aug,26,2013,3,Mon,FY13,3,Q3
08/27/2013,8,Aug,27,2013,4,Tue,FY13,3,Q3
08/28/2013,8,Aug,28,2013,5,Wed,FY13,3,Q3
08/29/2013,8,Aug,29,2013,6,Thu,FY13,3,Q3
08/30/2013,8,Aug,30,2013,7,Fri,FY13,3,Q3
08/31/2013,8,Aug,31,2013,1,Sat,FY13,3,Q3
09/01/2013,9,Sep,1,2013,2,Sun,FY13,3,Q3
09/02/2013,9,Sep,2,2013,3,Mon,FY13,3,Q3
09/03/2013,9,Sep,3,2013,4,Tue,FY13,3,Q3
09/04/2013,9,Sep,4,2013,5,Wed,FY13,3,Q3
09/05/2013,9,Sep,5,2013,6,Thu,FY13,3,Q3
09/06/2013,9,Sep,6,2013,7,Fri,FY13,3,Q3
09/07/2013,9,Sep,7,2013,1,Sat,FY13,3,Q3
09/08/2013,9,Sep,8,2013,2,Sun,FY13,3,Q3
09/09/2013,9,Sep,9,2013,3,Mon,FY13,3,Q3
09/10/2013,9,Sep,10,2013,4,Tue,FY13,3,Q3
09/11/2013,9,Sep,11,2013,5,Wed,FY13,3,Q3
09/12/2013,9,Sep,12,2013,6,Thu,FY13,3,Q3
09/13/2013,9,Sep,13,2013,7,Fri,FY13,3,Q3
09/14/2013,9,Sep,14,2013,1,Sat,FY13,3,Q3
09/15/2013,9,Sep,15,2013,2,Sun,FY13,3,Q3
09/16/2013,9,Sep,16,2013,3,Mon,FY13,3,Q3
09/17/2013,9,Sep,17,2013,4,Tue,FY13,3,Q3
09/18/2013,9,Sep,18,2013,5,Wed,FY13,3,Q3
09/19/2013,9,Sep,19,2013,6,Thu,FY13,3,Q3
09/20/2013,9,Sep,20,2013,7,Fri,FY13,3,Q3
09/21/2013,9,Sep,21,2013,1,Sat,FY13,3,Q3
09/22/2013,9,Sep,22,2013,2,Sun,FY13,3,Q3
09/23/2013,9,Sep,23,2013,3,Mon,FY13,3,Q3
09/24/2013,9,Sep,24,2013,4,Tue,FY13,3,Q3
09/25/2013,9,Sep,25,2013,5,Wed,FY13,3,Q3
09/26/2013,9,Sep,26,2013,6,Thu,FY13,3,Q3
09/27/2013,9,Sep,27,2013,7,Fri,FY13,3,Q3
09/28/2013,9,Sep,28,2013,1,Sat,FY13,3,Q3
09/29/2013,9,Sep,29,2013,2,Sun,FY13,3,Q3
09/30/2013,9,Sep,30,2013,3,Mon,FY13,3,Q3
10/01/2013,10,Oct,1,2013,4,Tue,FY13,4,Q4
10/02/2013,10,Oct,2,2013,5,Wed,FY13,4,Q4
10/03/2013,10,Oct,3,2013,6,Thu,FY13,4,Q4
10/04/2013,10,Oct,4,2013,7,Fri,FY13,4,Q4
10/05/2013,10,Oct,5,2013,1,Sat,FY13,4,Q4
10/06/2013,10,Oct,6,2013,2,Sun,FY13,4,Q4
10/07/2013,10,Oct,7,2013,3,Mon,FY13,4,Q4
10/08/2013,10,Oct,8,2013,4,Tue,FY13,4,Q4
10/09/2013,10,Oct,9,2013,5,Wed,FY13,4,Q4
10/10/2013,10,Oct,10,2013,6,Thu,FY13,4,Q4
10/11/2013,10,Oct,11,2013,7,Fri,FY13,4,Q4
10/12/2013,10,Oct,12,2013,1,Sat,FY13,4,Q4
10/13/2013,10,Oct,13,2013,2,Sun,FY13,4,Q4
10/14/2013,10,Oct,14,2013,3,Mon,FY13,4,Q4
10/15/2013,10,Oct,15,2013,4,Tue,FY13,4,Q4
10/16/2013,10,Oct,16,2013,5,Wed,FY13,4,Q4
10/17/2013,10,Oct,17,2013,6,Thu,FY13,4,Q4
10/18/2013,10,Oct,18,2013,7,Fri,FY13,4,Q4
10/19/2013,10,Oct,19,2013,1,Sat,FY13,4,Q4
10/20/2013,10,Oct,20,2013,2,Sun,FY13,4,Q4
10/21/2013,10,Oct,21,2013,3,Mon,FY13,4,Q4
10/22/2013,10,Oct,22,2013,4,Tue,FY13,4,Q4
10/23/2013,10,Oct,23,2013,5,Wed,FY13,4,Q4
10/24/2013,10,Oct,24,2013,6,Thu,FY13,4,Q4
10/25/2013,10,Oct,25,2013,7,Fri,FY13,4,Q4
10/26/2013,10,Oct,26,2013,1,Sat,FY13,4,Q4
10/27/2013,10,Oct,27,2013,2,Sun,FY13,4,Q4
10/28/2013,10,Oct,28,2013,3,Mon,FY13,4,Q4
10/29/2013,10,Oct,29,2013,4,Tue,FY13,4,Q4
10/30/2013,10,Oct,30,2013,5,Wed,FY13,4,Q4
10/31/2013,10,Oct,31,2013,6,Thu,FY13,4,Q4
11/01/2013,11,Nov,1,2013,7,Fri,FY13,4,Q4
11/02/2013,11,Nov,2,2013,1,Sat,FY13,4,Q4
11/03/2013,11,Nov,3,2013,2,Sun,FY13,4,Q4
11/04/2013,11,Nov,4,2013,3,Mon,FY13,4,Q4
11/05/2013,11,Nov,5,2013,4,Tue,FY13,4,Q4
11/06/2013,11,Nov,6,2013,5,Wed,FY13,4,Q4
11/07/2013,11,Nov,7,2013,6,Thu,FY13,4,Q4
11/08/2013,11,Nov,8,2013,7,Fri,FY13,4,Q4
11/09/2013,11,Nov,9,2013,1,Sat,FY13,4,Q4
11/10/2013,11,Nov,10,2013,2,Sun,FY13,4,Q4
11/11/2013,11,Nov,11,2013,3,Mon,FY13,4,Q4
11/12/2013,11,Nov,12,2013,4,Tue,FY13,4,Q4
11/13/2013,11,Nov,13,2013,5,Wed,FY13,4,Q4
11/14/2013,11,Nov,14,2013,6,Thu,FY13,4,Q4
11/15/2013,11,Nov,15,2013,7,Fri,FY13,4,Q4
11/16/2013,11,Nov,16,2013,1,Sat,FY13,4,Q4
11/17/2013,11,Nov,17,2013,2,Sun,FY13,4,Q4
11/18/2013,11,Nov,18,2013,3,Mon,FY13,4,Q4
11/19/2013,11,Nov,19,2013,4,Tue,FY13,4,Q4
11/20/2013,11,Nov,20,2013,5,Wed,FY13,4,Q4
11/21/2013,11,Nov,21,2013,6,Thu,FY13,4,Q4
11/22/2013,11,Nov,22,2013,7,Fri,FY13,4,Q4
11/23/2013,11,Nov,23,2013,1,Sat,FY13,4,Q4
11/24/2013,11,Nov,24,2013,2,Sun,FY13,4,Q4
11/25/2013,11,Nov,25,2013,3,Mon,FY13,4,Q4
11/26/2013,11,Nov,26,2013,4,Tue,FY13,4,Q4
11/27/2013,11,Nov,27,2013,5,Wed,FY13,4,Q4
11/28/2013,11,Nov,28,2013,6,Thu,FY13,4,Q4
11/29/2013,11,Nov,29,2013,7,Fri,FY13,4,Q4
11/30/2013,11,Nov,30,2013,1,Sat,FY13,4,Q4
12/01/2013,12,Dec,1,2013,2,Sun,FY13,4,Q4
12/02/2013,12,Dec,2,2013,3,Mon,FY13,4,Q4
12/03/2013,12,Dec,3,2013,4,Tue,FY13,4,Q4
12/04/2013,12,Dec,4,2013,5,Wed,FY13,4,Q4
12/05/2013,12,Dec,5,2013,6,Thu,FY13,4,Q4
12/06/2013,12,Dec,6,2013,7,Fri,FY13,4,Q4
12/07/2013,12,Dec,7,2013,1,Sat,FY13,4,Q4
12/08/2013,12,Dec,8,2013,2,Sun,FY13,4,Q4
12/09/2013,12,Dec,9,2013,3,Mon,FY13,4,Q4
12/10/2013,12,Dec,10,2013,4,Tue,FY13,4,Q4
12/11/2013,12,Dec,11,2013,5,Wed,FY13,4,Q4
12/12/2013,12,Dec,12,2013,6,Thu,FY13,4,Q4
12/13/2013,12,Dec,13,2013,7,Fri,FY13,4,Q4
12/14/2013,12,Dec,14,2013,1,Sat,FY13,4,Q4
12/15/2013,12,Dec,15,2013,2,Sun,FY13,4,Q4
12/16/2013,12,Dec,16,2013,3,Mon,FY13,4,Q4
12/17/2013,12,Dec,17,2013,4,Tue,FY13,4,Q4
12/18/2013,12,Dec,18,2013,5,Wed,FY13,4,Q4
12/19/2013,12,Dec,19,2013,6,Thu,FY13,4,Q4
12/20/2013,12,Dec,20,2013,7,Fri,FY13,4,Q4
12/21/2013,12,Dec,21,2013,1,Sat,FY13,4,Q4
12/22/2013,12,Dec,22,2013,2,Sun,FY13,4,Q4
12/23/2013,12,Dec,23,2013,3,Mon,FY13,4,Q4
12/24/2013,12,Dec,24,2013,4,Tue,FY13,4,Q4
12/25/2013,12,Dec,25,2013,5,Wed,FY13,4,Q4
12/26/2013,12,Dec,26,2013,6,Thu,FY13,4,Q4
12/27/2013,12,Dec,27,2013,7,Fri,FY13,4,Q4
12/28/2013,12,Dec,28,2013,1,Sat,FY13,4,Q4
12/29/2013,12,Dec,29,2013,2,Sun,FY13,4,Q4
12/30/2013,12,Dec,30,2013,3,Mon,FY13,4,Q4
12/31/2013,12,Dec,31,2013,4,Tue,FY13,4,Q4
01/01/2014,1,Jan,1,2014,5,Wed,FY14,1,Q1
01/02/2014,1,Jan,2,2014,6,Thu,FY14,1,Q1
01/03/2014,1,Jan,3,2014,7,Fri,FY14,1,Q1
01/04/2014,1,Jan,4,2014,1,Sat,FY14,1,Q1
01/05/2014,1,Jan,5,2014,2,Sun,FY14,1,Q1
01/06/2014,1,Jan,6,2014,3,Mon,FY14,1,Q1
01/07/2014,1,Jan,7,2014,4,Tue,FY14,1,Q1
01/08/2014,1,Jan,8,2014,5,Wed,FY14,1,Q1
01/09/2014,1,Jan,9,2014,6,Thu,FY14,1,Q1
01/10/2014,1,Jan,10,2014,7,Fri,FY14,1,Q1
01/11/2014,1,Jan,11,2014,1,Sat,FY14,1,Q1
01/12/2014,1,Jan,12,2014,2,Sun,FY14,1,Q1
01/13/2014,1,Jan,13,2014,3,Mon,FY14,1,Q1
01/14/2014,1,Jan,14,2014,4,Tue,FY14,1,Q1
01/15/2014,1,Jan,15,2014,5,Wed,FY14,1,Q1
01/16/2014,1,Jan,16,2014,6,Thu,FY14,1,Q1
01/17/2014,1,Jan,17,2014,7,Fri,FY14,1,Q1
01/18/2014,1,Jan,18,2014,1,Sat,FY14,1,Q1
01/19/2014,1,Jan,19,2014,2,Sun,FY14,1,Q1
01/20/2014,1,Jan,20,2014,3,Mon,FY14,1,Q1
01/21/2014,1,Jan,21,2014,4,Tue,FY14,1,Q1
01/22/2014,1,Jan,22,2014,5,Wed,FY14,1,Q1
01/23/2014,1,Jan,23,2014,6,Thu,FY14,1,Q1
01/24/2014,1,Jan,24,2014,7,Fri,FY14,1,Q1
01/25/2014,1,Jan,25,2014,1,Sat,FY14,1,Q1
01/26/2014,1,Jan,26,2014,2,Sun,FY14,1,Q1
01/27/2014,1,Jan,27,2014,3,Mon,FY14,1,Q1
01/28/2014,1,Jan,28,2014,4,Tue,FY14,1,Q1
01/29/2014,1,Jan,29,2014,5,Wed,FY14,1,Q1
01/30/2014,1,Jan,30,2014,6,Thu,FY14,1,Q1
01/31/2014,1,Jan,31,2014,7,Fri,FY14,1,Q1
02/01/2014,2,Feb,1,2014,1,Sat,FY14,1,Q1
02/02/2014,2,Feb,2,2014,2,Sun,FY14,1,Q1
02/03/2014,2,Feb,3,2014,3,Mon,FY14,1,Q1
02/04/2014,2,Feb,4,2014,4,Tue,FY14,1,Q1
02/05/2014,2,Feb,5,2014,5,Wed,FY14,1,Q1
02/06/2014,2,Feb,6,2014,6,Thu,FY14,1,Q1
02/07/2014,2,Feb,7,2014,7,Fri,FY14,1,Q1
02/08/2014,2,Feb,8,2014,1,Sat,FY14,1,Q1
02/09/2014,2,Feb,9,2014,2,Sun,FY14,1,Q1
02/10/2014,2,Feb,10,2014,3,Mon,FY14,1,Q1
02/11/2014,2,Feb,11,2014,4,Tue,FY14,1,Q1
02/12/2014,2,Feb,12,2014,5,Wed,FY14,1,Q1
02/13/2014,2,Feb,13,2014,6,Thu,FY14,1,Q1
02/14/2014,2,Feb,14,2014,7,Fri,FY14,1,Q1
02/15/2014,2,Feb,15,2014,1,Sat,FY14,1,Q1
02/16/2014,2,Feb,16,2014,2,Sun,FY14,1,Q1
02/17/2014,2,Feb,17,2014,3,Mon,FY14,1,Q1
02/18/2014,2,Feb,18,2014,4,Tue,FY14,1,Q1
02/19/2014,2,Feb,19,2014,5,Wed,FY14,1,Q1
02/20/2014,2,Feb,20,2014,6,Thu,FY14,1,Q1
02/21/2014,2,Feb,21,2014,7,Fri,FY14,1,Q1
02/22/2014,2,Feb,22,2014,1,Sat,FY14,1,Q1
02/23/2014,2,Feb,23,2014,2,Sun,FY14,1,Q1
02/24/2014,2,Feb,24,2014,3,Mon,FY14,1,Q1
02/25/2014,2,Feb,25,2014,4,Tue,FY14,1,Q1
02/26/2014,2,Feb,26,2014,5,Wed,FY14,1,Q1
02/27/2014,2,Feb,27,2014,6,Thu,FY14,1,Q1
02/28/2014,2,Feb,28,2014,7,Fri,FY14,1,Q1
03/01/2014,3,Mar,1,2014,1,Sat,FY14,1,Q1
03/02/2014,3,Mar,2,2014,2,Sun,FY14,1,Q1
03/03/2014,3,Mar,3,2014,3,Mon,FY14,1,Q1
03/04/2014,3,Mar,4,2014,4,Tue,FY14,1,Q1
03/05/2014,3,Mar,5,2014,5,Wed,FY14,1,Q1
03/06/2014,3,Mar,6,2014,6,Thu,FY14,1,Q1
03/07/2014,3,Mar,7,2014,7,Fri,FY14,1,Q1
03/08/2014,3,Mar,8,2014,1,Sat,FY14,1,Q1
03/09/2014,3,Mar,9,2014,2,Sun,FY14,1,Q1
03/10/2014,3,Mar,10,2014,3,Mon,FY14,1,Q1
03/11/2014,3,Mar,11,2014,4,Tue,FY14,1,Q1
03/12/2014,3,Mar,12,2014,5,Wed,FY14,1,Q1
03/13/2014,3,Mar,13,2014,6,Thu,FY14,1,Q1
03/14/2014,3,Mar,14,2014,7,Fri,FY14,1,Q1
03/15/2014,3,Mar,15,2014,1,Sat,FY14,1,Q1
03/16/2014,3,Mar,16,2014,2,Sun,FY14,1,Q1
03/17/2014,3,Mar,17,2014,3,Mon,FY14,1,Q1
03/18/2014,3,Mar,18,2014,4,Tue,FY14,1,Q1
03/19/2014,3,Mar,19,2014,5,Wed,FY14,1,Q1
03/20/2014,3,Mar,20,2014,6,Thu,FY14,1,Q1
03/21/2014,3,Mar,21,2014,7,Fri,FY14,1,Q1
03/22/2014,3,Mar,22,2014,1,Sat,FY14,1,Q1
03/23/2014,3,Mar,23,2014,2,Sun,FY14,1,Q1
03/24/2014,3,Mar,24,2014,3,Mon,FY14,1,Q1
03/25/2014,3,Mar,25,2014,4,Tue,FY14,1,Q1
03/26/2014,3,Mar,26,2014,5,Wed,FY14,1,Q1
03/27/2014,3,Mar,27,2014,6,Thu,FY14,1,Q1
03/28/2014,3,Mar,28,2014,7,Fri,FY14,1,Q1
03/29/2014,3,Mar,29,2014,1,Sat,FY14,1,Q1
03/30/2014,3,Mar,30,2014,2,Sun,FY14,1,Q1
03/31/2014,3,Mar,31,2014,3,Mon,FY14,1,Q1
04/01/2014,4,Apr,1,2014,4,Tue,FY14,2,Q2
04/02/2014,4,Apr,2,2014,5,Wed,FY14,2,Q2
04/03/2014,4,Apr,3,2014,6,Thu,FY14,2,Q2
04/04/2014,4,Apr,4,2014,7,Fri,FY14,2,Q2
04/05/2014,4,Apr,5,2014,1,Sat,FY14,2,Q2
04/06/2014,4,Apr,6,2014,2,Sun,FY14,2,Q2
04/07/2014,4,Apr,7,2014,3,Mon,FY14,2,Q2
04/08/2014,4,Apr,8,2014,4,Tue,FY14,2,Q2
04/09/2014,4,Apr,9,2014,5,Wed,FY14,2,Q2
04/10/2014,4,Apr,10,2014,6,Thu,FY14,2,Q2
04/11/2014,4,Apr,11,2014,7,Fri,FY14,2,Q2
04/12/2014,4,Apr,12,2014,1,Sat,FY14,2,Q2
04/13/2014,4,Apr,13,2014,2,Sun,FY14,2,Q2
04/14/2014,4,Apr,14,2014,3,Mon,FY14,2,Q2
04/15/2014,4,Apr,15,2014,4,Tue,FY14,2,Q2
04/16/2014,4,Apr,16,2014,5,Wed,FY14,2,Q2
04/17/2014,4,Apr,17,2014,6,Thu,FY14,2,Q2
04/18/2014,4,Apr,18,2014,7,Fri,FY14,2,Q2
04/19/2014,4,Apr,19,2014,1,Sat,FY14,2,Q2
04/20/2014,4,Apr,20,2014,2,Sun,FY14,2,Q2
04/21/2014,4,Apr,21,2014,3,Mon,FY14,2,Q2
04/22/2014,4,Apr,22,2014,4,Tue,FY14,2,Q2
04/23/2014,4,Apr,23,2014,5,Wed,FY14,2,Q2
04/24/2014,4,Apr,24,2014,6,Thu,FY14,2,Q2
04/25/2014,4,Apr,25,2014,7,Fri,FY14,2,Q2
04/26/2014,4,Apr,26,2014,1,Sat,FY14,2,Q2
04/27/2014,4,Apr,27,2014,2,Sun,FY14,2,Q2
04/28/2014,4,Apr,28,2014,3,Mon,FY14,2,Q2
04/29/2014,4,Apr,29,2014,4,Tue,FY14,2,Q2
04/30/2014,4,Apr,30,2014,5,Wed,FY14,2,Q2
05/01/2014,5,May,1,2014,6,Thu,FY14,2,Q2
05/02/2014,5,May,2,2014,7,Fri,FY14,2,Q2
05/03/2014,5,May,3,2014,1,Sat,FY14,2,Q2
05/04/2014,5,May,4,2014,2,Sun,FY14,2,Q2
05/05/2014,5,May,5,2014,3,Mon,FY14,2,Q2
05/06/2014,5,May,6,2014,4,Tue,FY14,2,Q2
05/07/2014,5,May,7,2014,5,Wed,FY14,2,Q2
05/08/2014,5,May,8,2014,6,Thu,FY14,2,Q2
05/09/2014,5,May,9,2014,7,Fri,FY14,2,Q2
05/10/2014,5,May,10,2014,1,Sat,FY14,2,Q2
05/11/2014,5,May,11,2014,2,Sun,FY14,2,Q2
05/12/2014,5,May,12,2014,3,Mon,FY14,2,Q2
05/13/2014,5,May,13,2014,4,Tue,FY14,2,Q2
05/14/2014,5,May,14,2014,5,Wed,FY14,2,Q2
05/15/2014,5,May,15,2014,6,Thu,FY14,2,Q2
05/16/2014,5,May,16,2014,7,Fri,FY14,2,Q2
05/17/2014,5,May,17,2014,1,Sat,FY14,2,Q2
05/18/2014,5,May,18,2014,2,Sun,FY14,2,Q2
05/19/2014,5,May,19,2014,3,Mon,FY14,2,Q2
05/20/2014,5,May,20,2014,4,Tue,FY14,2,Q2
05/21/2014,5,May,21,2014,5,Wed,FY14,2,Q2
05/22/2014,5,May,22,2014,6,Thu,FY14,2,Q2
05/23/2014,5,May,23,2014,7,Fri,FY14,2,Q2
05/24/2014,5,May,24,2014,1,Sat,FY14,2,Q2
05/25/2014,5,May,25,2014,2,Sun,FY14,2,Q2
05/26/2014,5,May,26,2014,3,Mon,FY14,2,Q2
05/27/2014,5,May,27,2014,4,Tue,FY14,2,Q2
05/28/2014,5,May,28,2014,5,Wed,FY14,2,Q2
05/29/2014,5,May,29,2014,6,Thu,FY14,2,Q2
05/30/2014,5,May,30,2014,7,Fri,FY14,2,Q2
05/31/2014,5,May,31,2014,1,Sat,FY14,2,Q2
06/01/2014,6,Jun,1,2014,2,Sun,FY14,2,Q2
06/02/2014,6,Jun,2,2014,3,Mon,FY14,2,Q2
06/03/2014,6,Jun,3,2014,4,Tue,FY14,2,Q2
06/04/2014,6,Jun,4,2014,5,Wed,FY14,2,Q2
06/05/2014,6,Jun,5,2014,6,Thu,FY14,2,Q2
06/06/2014,6,Jun,6,2014,7,Fri,FY14,2,Q2
06/07/2014,6,Jun,7,2014,1,Sat,FY14,2,Q2
06/08/2014,6,Jun,8,2014,2,Sun,FY14,2,Q2
06/09/2014,6,Jun,9,2014,3,Mon,FY14,2,Q2
06/10/2014,6,Jun,10,2014,4,Tue,FY14,2,Q2
06/11/2014,6,Jun,11,2014,5,Wed,FY14,2,Q2
06/12/2014,6,Jun,12,2014,6,Thu,FY14,2,Q2
06/13/2014,6,Jun,13,2014,7,Fri,FY14,2,Q2
06/14/2014,6,Jun,14,2014,1,Sat,FY14,2,Q2
06/15/2014,6,Jun,15,2014,2,Sun,FY14,2,Q2
06/16/2014,6,Jun,16,2014,3,Mon,FY14,2,Q2
06/17/2014,6,Jun,17,2014,4,Tue,FY14,2,Q2
06/18/2014,6,Jun,18,2014,5,Wed,FY14,2,Q2
06/19/2014,6,Jun,19,2014,6,Thu,FY14,2,Q2
06/20/2014,6,Jun,20,2014,7,Fri,FY14,2,Q2
06/21/2014,6,Jun,21,2014,1,Sat,FY14,2,Q2
06/22/2014,6,Jun,22,2014,2,Sun,FY14,2,Q2
06/23/2014,6,Jun,23,2014,3,Mon,FY14,2,Q2
06/24/2014,6,Jun,24,2014,4,Tue,FY14,2,Q2
06/25/2014,6,Jun,25,2014,5,Wed,FY14,2,Q2
06/26/2014,6,Jun,26,2014,6,Thu,FY14,2,Q2
06/27/2014,6,Jun,27,2014,7,Fri,FY14,2,Q2
06/28/2014,6,Jun,28,2014,1,Sat,FY14,2,Q2
06/29/2014,6,Jun,29,2014,2,Sun,FY14,2,Q2
06/30/2014,6,Jun,30,2014,3,Mon,FY14,2,Q2
07/01/2014,7,Jul,1,2014,4,Tue,FY14,3,Q3
07/02/2014,7,Jul,2,2014,5,Wed,FY14,3,Q3
07/03/2014,7,Jul,3,2014,6,Thu,FY14,3,Q3
07/04/2014,7,Jul,4,2014,7,Fri,FY14,3,Q3
07/05/2014,7,Jul,5,2014,1,Sat,FY14,3,Q3
07/06/2014,7,Jul,6,2014,2,Sun,FY14,3,Q3
07/07/2014,7,Jul,7,2014,3,Mon,FY14,3,Q3
07/08/2014,7,Jul,8,2014,4,Tue,FY14,3,Q3
07/09/2014,7,Jul,9,2014,5,Wed,FY14,3,Q3
07/10/2014,7,Jul,10,2014,6,Thu,FY14,3,Q3
07/11/2014,7,Jul,11,2014,7,Fri,FY14,3,Q3
07/12/2014,7,Jul,12,2014,1,Sat,FY14,3,Q3
07/13/2014,7,Jul,13,2014,2,Sun,FY14,3,Q3
07/14/2014,7,Jul,14,2014,3,Mon,FY14,3,Q3
07/15/2014,7,Jul,15,2014,4,Tue,FY14,3,Q3
07/16/2014,7,Jul,16,2014,5,Wed,FY14,3,Q3
07/17/2014,7,Jul,17,2014,6,Thu,FY14,3,Q3
07/18/2014,7,Jul,18,2014,7,Fri,FY14,3,Q3
07/19/2014,7,Jul,19,2014,1,Sat,FY14,3,Q3
07/20/2014,7,Jul,20,2014,2,Sun,FY14,3,Q3
07/21/2014,7,Jul,21,2014,3,Mon,FY14,3,Q3
07/22/2014,7,Jul,22,2014,4,Tue,FY14,3,Q3
07/23/2014,7,Jul,23,2014,5,Wed,FY14,3,Q3
07/24/2014,7,Jul,24,2014,6,Thu,FY14,3,Q3
07/25/2014,7,Jul,25,2014,7,Fri,FY14,3,Q3
07/26/2014,7,Jul,26,2014,1,Sat,FY14,3,Q3
07/27/2014,7,Jul,27,2014,2,Sun,FY14,3,Q3
07/28/2014,7,Jul,28,2014,3,Mon,FY14,3,Q3
07/29/2014,7,Jul,29,2014,4,Tue,FY14,3,Q3
07/30/2014,7,Jul,30,2014,5,Wed,FY14,3,Q3
07/31/2014,7,Jul,31,2014,6,Thu,FY14,3,Q3
08/01/2014,8,Aug,1,2014,7,Fri,FY14,3,Q3
08/02/2014,8,Aug,2,2014,1,Sat,FY14,3,Q3
08/03/2014,8,Aug,3,2014,2,Sun,FY14,3,Q3
08/04/2014,8,Aug,4,2014,3,Mon,FY14,3,Q3
08/05/2014,8,Aug,5,2014,4,Tue,FY14,3,Q3
08/06/2014,8,Aug,6,2014,5,Wed,FY14,3,Q3
08/07/2014,8,Aug,7,2014,6,Thu,FY14,3,Q3
08/08/2014,8,Aug,8,2014,7,Fri,FY14,3,Q3
08/09/2014,8,Aug,9,2014,1,Sat,FY14,3,Q3
08/10/2014,8,Aug,10,2014,2,Sun,FY14,3,Q3
08/11/2014,8,Aug,11,2014,3,Mon,FY14,3,Q3
08/12/2014,8,Aug,12,2014,4,Tue,FY14,3,Q3
08/13/2014,8,Aug,13,2014,5,Wed,FY14,3,Q3
08/14/2014,8,Aug,14,2014,6,Thu,FY14,3,Q3
08/15/2014,8,Aug,15,2014,7,Fri,FY14,3,Q3
08/16/2014,8,Aug,16,2014,1,Sat,FY14,3,Q3
08/17/2014,8,Aug,17,2014,2,Sun,FY14,3,Q3
08/18/2014,8,Aug,18,2014,3,Mon,FY14,3,Q3
08/19/2014,8,Aug,19,2014,4,Tue,FY14,3,Q3
08/20/2014,8,Aug,20,2014,5,Wed,FY14,3,Q3
08/21/2014,8,Aug,21,2014,6,Thu,FY14,3,Q3
08/22/2014,8,Aug,22,2014,7,Fri,FY14,3,Q3
08/23/2014,8,Aug,23,2014,1,Sat,FY14,3,Q3
08/24/2014,8,Aug,24,2014,2,Sun,FY14,3,Q3
08/25/2014,8,Aug,25,2014,3,Mon,FY14,3,Q3
08/26/2014,8,Aug,26,2014,4,Tue,FY14,3,Q3
08/27/2014,8,Aug,27,2014,5,Wed,FY14,3,Q3
08/28/2014,8,Aug,28,2014,6,Thu,FY14,3,Q3
08/29/2014,8,Aug,29,2014,7,Fri,FY14,3,Q3
08/30/2014,8,Aug,30,2014,1,Sat,FY14,3,Q3
08/31/2014,8,Aug,31,2014,2,Sun,FY14,3,Q3
09/01/2014,9,Sep,1,2014,3,Mon,FY14,3,Q3
09/02/2014,9,Sep,2,2014,4,Tue,FY14,3,Q3
09/03/2014,9,Sep,3,2014,5,Wed,FY14,3,Q3
09/04/2014,9,Sep,4,2014,6,Thu,FY14,3,Q3
09/05/2014,9,Sep,5,2014,7,Fri,FY14,3,Q3
09/06/2014,9,Sep,6,2014,1,Sat,FY14,3,Q3
09/07/2014,9,Sep,7,2014,2,Sun,FY14,3,Q3
09/08/2014,9,Sep,8,2014,3,Mon,FY14,3,Q3
09/09/2014,9,Sep,9,2014,4,Tue,FY14,3,Q3
09/10/2014,9,Sep,10,2014,5,Wed,FY14,3,Q3
09/11/2014,9,Sep,11,2014,6,Thu,FY14,3,Q3
09/12/2014,9,Sep,12,2014,7,Fri,FY14,3,Q3
09/13/2014,9,Sep,13,2014,1,Sat,FY14,3,Q3
09/14/2014,9,Sep,14,2014,2,Sun,FY14,3,Q3
09/15/2014,9,Sep,15,2014,3,Mon,FY14,3,Q3
09/16/2014,9,Sep,16,2014,4,Tue,FY14,3,Q3
09/17/2014,9,Sep,17,2014,5,Wed,FY14,3,Q3
09/18/2014,9,Sep,18,2014,6,Thu,FY14,3,Q3
09/19/2014,9,Sep,19,2014,7,Fri,FY14,3,Q3
09/20/2014,9,Sep,20,2014,1,Sat,FY14,3,Q3
09/21/2014,9,Sep,21,2014,2,Sun,FY14,3,Q3
09/22/2014,9,Sep,22,2014,3,Mon,FY14,3,Q3
09/23/2014,9,Sep,23,2014,4,Tue,FY14,3,Q3
09/24/2014,9,Sep,24,2014,5,Wed,FY14,3,Q3
09/25/2014,9,Sep,25,2014,6,Thu,FY14,3,Q3
09/26/2014,9,Sep,26,2014,7,Fri,FY14,3,Q3
09/27/2014,9,Sep,27,2014,1,Sat,FY14,3,Q3
09/28/2014,9,Sep,28,2014,2,Sun,FY14,3,Q3
09/29/2014,9,Sep,29,2014,3,Mon,FY14,3,Q3
09/30/2014,9,Sep,30,2014,4,Tue,FY14,3,Q3
10/01/2014,10,Oct,1,2014,5,Wed,FY14,4,Q4
10/02/2014,10,Oct,2,2014,6,Thu,FY14,4,Q4
10/03/2014,10,Oct,3,2014,7,Fri,FY14,4,Q4
10/04/2014,10,Oct,4,2014,1,Sat,FY14,4,Q4
10/05/2014,10,Oct,5,2014,2,Sun,FY14,4,Q4
10/06/2014,10,Oct,6,2014,3,Mon,FY14,4,Q4
10/07/2014,10,Oct,7,2014,4,Tue,FY14,4,Q4
10/08/2014,10,Oct,8,2014,5,Wed,FY14,4,Q4
10/09/2014,10,Oct,9,2014,6,Thu,FY14,4,Q4
10/10/2014,10,Oct,10,2014,7,Fri,FY14,4,Q4
10/11/2014,10,Oct,11,2014,1,Sat,FY14,4,Q4
10/12/2014,10,Oct,12,2014,2,Sun,FY14,4,Q4
10/13/2014,10,Oct,13,2014,3,Mon,FY14,4,Q4
10/14/2014,10,Oct,14,2014,4,Tue,FY14,4,Q4
10/15/2014,10,Oct,15,2014,5,Wed,FY14,4,Q4
10/16/2014,10,Oct,16,2014,6,Thu,FY14,4,Q4
10/17/2014,10,Oct,17,2014,7,Fri,FY14,4,Q4
10/18/2014,10,Oct,18,2014,1,Sat,FY14,4,Q4
10/19/2014,10,Oct,19,2014,2,Sun,FY14,4,Q4
10/20/2014,10,Oct,20,2014,3,Mon,FY14,4,Q4
10/21/2014,10,Oct,21,2014,4,Tue,FY14,4,Q4
10/22/2014,10,Oct,22,2014,5,Wed,FY14,4,Q4
10/23/2014,10,Oct,23,2014,6,Thu,FY14,4,Q4
10/24/2014,10,Oct,24,2014,7,Fri,FY14,4,Q4
10/25/2014,10,Oct,25,2014,1,Sat,FY14,4,Q4
10/26/2014,10,Oct,26,2014,2,Sun,FY14,4,Q4
10/27/2014,10,Oct,27,2014,3,Mon,FY14,4,Q4
10/28/2014,10,Oct,28,2014,4,Tue,FY14,4,Q4
10/29/2014,10,Oct,29,2014,5,Wed,FY14,4,Q4
10/30/2014,10,Oct,30,2014,6,Thu,FY14,4,Q4
10/31/2014,10,Oct,31,2014,7,Fri,FY14,4,Q4
11/01/2014,11,Nov,1,2014,1,Sat,FY14,4,Q4
11/02/2014,11,Nov,2,2014,2,Sun,FY14,4,Q4
11/03/2014,11,Nov,3,2014,3,Mon,FY14,4,Q4
11/04/2014,11,Nov,4,2014,4,Tue,FY14,4,Q4
11/05/2014,11,Nov,5,2014,5,Wed,FY14,4,Q4
11/06/2014,11,Nov,6,2014,6,Thu,FY14,4,Q4
11/07/2014,11,Nov,7,2014,7,Fri,FY14,4,Q4
11/08/2014,11,Nov,8,2014,1,Sat,FY14,4,Q4
11/09/2014,11,Nov,9,2014,2,Sun,FY14,4,Q4
11/10/2014,11,Nov,10,2014,3,Mon,FY14,4,Q4
11/11/2014,11,Nov,11,2014,4,Tue,FY14,4,Q4
11/12/2014,11,Nov,12,2014,5,Wed,FY14,4,Q4
11/13/2014,11,Nov,13,2014,6,Thu,FY14,4,Q4
11/14/2014,11,Nov,14,2014,7,Fri,FY14,4,Q4
11/15/2014,11,Nov,15,2014,1,Sat,FY14,4,Q4
11/16/2014,11,Nov,16,2014,2,Sun,FY14,4,Q4
11/17/2014,11,Nov,17,2014,3,Mon,FY14,4,Q4
11/18/2014,11,Nov,18,2014,4,Tue,FY14,4,Q4
11/19/2014,11,Nov,19,2014,5,Wed,FY14,4,Q4
11/20/2014,11,Nov,20,2014,6,Thu,FY14,4,Q4
11/21/2014,11,Nov,21,2014,7,Fri,FY14,4,Q4
11/22/2014,11,Nov,22,2014,1,Sat,FY14,4,Q4
11/23/2014,11,Nov,23,2014,2,Sun,FY14,4,Q4
11/24/2014,11,Nov,24,2014,3,Mon,FY14,4,Q4
11/25/2014,11,Nov,25,2014,4,Tue,FY14,4,Q4
11/26/2014,11,Nov,26,2014,5,Wed,FY14,4,Q4
11/27/2014,11,Nov,27,2014,6,Thu,FY14,4,Q4
11/28/2014,11,Nov,28,2014,7,Fri,FY14,4,Q4
11/29/2014,11,Nov,29,2014,1,Sat,FY14,4,Q4
11/30/2014,11,Nov,30,2014,2,Sun,FY14,4,Q4
12/01/2014,12,Dec,1,2014,3,Mon,FY14,4,Q4
12/02/2014,12,Dec,2,2014,4,Tue,FY14,4,Q4
12/03/2014,12,Dec,3,2014,5,Wed,FY14,4,Q4
12/04/2014,12,Dec,4,2014,6,Thu,FY14,4,Q4
12/05/2014,12,Dec,5,2014,7,Fri,FY14,4,Q4
12/06/2014,12,Dec,6,2014,1,Sat,FY14,4,Q4
12/07/2014,12,Dec,7,2014,2,Sun,FY14,4,Q4
12/08/2014,12,Dec,8,2014,3,Mon,FY14,4,Q4
12/09/2014,12,Dec,9,2014,4,Tue,FY14,4,Q4
12/10/2014,12,Dec,10,2014,5,Wed,FY14,4,Q4
12/11/2014,12,Dec,11,2014,6,Thu,FY14,4,Q4
12/12/2014,12,Dec,12,2014,7,Fri,FY14,4,Q4
12/13/2014,12,Dec,13,2014,1,Sat,FY14,4,Q4
12/14/2014,12,Dec,14,2014,2,Sun,FY14,4,Q4
12/15/2014,12,Dec,15,2014,3,Mon,FY14,4,Q4
12/16/2014,12,Dec,16,2014,4,Tue,FY14,4,Q4
12/17/2014,12,Dec,17,2014,5,Wed,FY14,4,Q4
12/18/2014,12,Dec,18,2014,6,Thu,FY14,4,Q4
12/19/2014,12,Dec,19,2014,7,Fri,FY14,4,Q4
12/20/2014,12,Dec,20,2014,1,Sat,FY14,4,Q4
12/21/2014,12,Dec,21,2014,2,Sun,FY14,4,Q4
12/22/2014,12,Dec,22,2014,3,Mon,FY14,4,Q4
12/23/2014,12,Dec,23,2014,4,Tue,FY14,4,Q4
12/24/2014,12,Dec,24,2014,5,Wed,FY14,4,Q4
12/25/2014,12,Dec,25,2014,6,Thu,FY14,4,Q4
12/26/2014,12,Dec,26,2014,7,Fri,FY14,4,Q4
12/27/2014,12,Dec,27,2014,1,Sat,FY14,4,Q4
12/28/2014,12,Dec,28,2014,2,Sun,FY14,4,Q4
12/29/2014,12,Dec,29,2014,3,Mon,FY14,4,Q4
12/30/2014,12,Dec,30,2014,4,Tue,FY14,4,Q4
12/31/2014,12,Dec,31,2014,5,Wed,FY14,4,Q4
01/01/2015,1,Jan,1,2015,6,Thu,FY15,1,Q1
01/02/2015,1,Jan,2,2015,7,Fri,FY15,1,Q1
01/03/2015,1,Jan,3,2015,1,Sat,FY15,1,Q1
01/04/2015,1,Jan,4,2015,2,Sun,FY15,1,Q1
01/05/2015,1,Jan,5,2015,3,Mon,FY15,1,Q1
01/06/2015,1,Jan,6,2015,4,Tue,FY15,1,Q1
01/07/2015,1,Jan,7,2015,5,Wed,FY15,1,Q1
01/08/2015,1,Jan,8,2015,6,Thu,FY15,1,Q1
01/09/2015,1,Jan,9,2015,7,Fri,FY15,1,Q1
01/10/2015,1,Jan,10,2015,1,Sat,FY15,1,Q1
01/11/2015,1,Jan,11,2015,2,Sun,FY15,1,Q1
01/12/2015,1,Jan,12,2015,3,Mon,FY15,1,Q1
01/13/2015,1,Jan,13,2015,4,Tue,FY15,1,Q1
01/14/2015,1,Jan,14,2015,5,Wed,FY15,1,Q1
01/15/2015,1,Jan,15,2015,6,Thu,FY15,1,Q1
01/16/2015,1,Jan,16,2015,7,Fri,FY15,1,Q1
01/17/2015,1,Jan,17,2015,1,Sat,FY15,1,Q1
01/18/2015,1,Jan,18,2015,2,Sun,FY15,1,Q1
01/19/2015,1,Jan,19,2015,3,Mon,FY15,1,Q1
01/20/2015,1,Jan,20,2015,4,Tue,FY15,1,Q1
01/21/2015,1,Jan,21,2015,5,Wed,FY15,1,Q1
01/22/2015,1,Jan,22,2015,6,Thu,FY15,1,Q1
01/23/2015,1,Jan,23,2015,7,Fri,FY15,1,Q1
01/24/2015,1,Jan,24,2015,1,Sat,FY15,1,Q1
01/25/2015,1,Jan,25,2015,2,Sun,FY15,1,Q1
01/26/2015,1,Jan,26,2015,3,Mon,FY15,1,Q1
01/27/2015,1,Jan,27,2015,4,Tue,FY15,1,Q1
01/28/2015,1,Jan,28,2015,5,Wed,FY15,1,Q1
01/29/2015,1,Jan,29,2015,6,Thu,FY15,1,Q1
01/30/2015,1,Jan,30,2015,7,Fri,FY15,1,Q1
01/31/2015,1,Jan,31,2015,1,Sat,FY15,1,Q1
02/01/2015,2,Feb,1,2015,2,Sun,FY15,1,Q1
02/02/2015,2,Feb,2,2015,3,Mon,FY15,1,Q1
02/03/2015,2,Feb,3,2015,4,Tue,FY15,1,Q1
02/04/2015,2,Feb,4,2015,5,Wed,FY15,1,Q1
02/05/2015,2,Feb,5,2015,6,Thu,FY15,1,Q1
02/06/2015,2,Feb,6,2015,7,Fri,FY15,1,Q1
02/07/2015,2,Feb,7,2015,1,Sat,FY15,1,Q1
02/08/2015,2,Feb,8,2015,2,Sun,FY15,1,Q1
02/09/2015,2,Feb,9,2015,3,Mon,FY15,1,Q1
02/10/2015,2,Feb,10,2015,4,Tue,FY15,1,Q1
02/11/2015,2,Feb,11,2015,5,Wed,FY15,1,Q1
02/12/2015,2,Feb,12,2015,6,Thu,FY15,1,Q1
02/13/2015,2,Feb,13,2015,7,Fri,FY15,1,Q1
02/14/2015,2,Feb,14,2015,1,Sat,FY15,1,Q1
02/15/2015,2,Feb,15,2015,2,Sun,FY15,1,Q1
02/16/2015,2,Feb,16,2015,3,Mon,FY15,1,Q1
02/17/2015,2,Feb,17,2015,4,Tue,FY15,1,Q1
02/18/2015,2,Feb,18,2015,5,Wed,FY15,1,Q1
02/19/2015,2,Feb,19,2015,6,Thu,FY15,1,Q1
02/20/2015,2,Feb,20,2015,7,Fri,FY15,1,Q1
02/21/2015,2,Feb,21,2015,1,Sat,FY15,1,Q1
02/22/2015,2,Feb,22,2015,2,Sun,FY15,1,Q1
02/23/2015,2,Feb,23,2015,3,Mon,FY15,1,Q1
02/24/2015,2,Feb,24,2015,4,Tue,FY15,1,Q1
02/25/2015,2,Feb,25,2015,5,Wed,FY15,1,Q1
02/26/2015,2,Feb,26,2015,6,Thu,FY15,1,Q1
02/27/2015,2,Feb,27,2015,7,Fri,FY15,1,Q1
02/28/2015,2,Feb,28,2015,1,Sat,FY15,1,Q1
03/01/2015,3,Mar,1,2015,2,Sun,FY15,1,Q1
03/02/2015,3,Mar,2,2015,3,Mon,FY15,1,Q1
03/03/2015,3,Mar,3,2015,4,Tue,FY15,1,Q1
03/04/2015,3,Mar,4,2015,5,Wed,FY15,1,Q1
03/05/2015,3,Mar,5,2015,6,Thu,FY15,1,Q1
03/06/2015,3,Mar,6,2015,7,Fri,FY15,1,Q1
03/07/2015,3,Mar,7,2015,1,Sat,FY15,1,Q1
03/08/2015,3,Mar,8,2015,2,Sun,FY15,1,Q1
03/09/2015,3,Mar,9,2015,3,Mon,FY15,1,Q1
03/10/2015,3,Mar,10,2015,4,Tue,FY15,1,Q1
03/11/2015,3,Mar,11,2015,5,Wed,FY15,1,Q1
03/12/2015,3,Mar,12,2015,6,Thu,FY15,1,Q1
03/13/2015,3,Mar,13,2015,7,Fri,FY15,1,Q1
03/14/2015,3,Mar,14,2015,1,Sat,FY15,1,Q1
03/15/2015,3,Mar,15,2015,2,Sun,FY15,1,Q1
03/16/2015,3,Mar,16,2015,3,Mon,FY15,1,Q1
03/17/2015,3,Mar,17,2015,4,Tue,FY15,1,Q1
03/18/2015,3,Mar,18,2015,5,Wed,FY15,1,Q1
03/19/2015,3,Mar,19,2015,6,Thu,FY15,1,Q1
03/20/2015,3,Mar,20,2015,7,Fri,FY15,1,Q1
03/21/2015,3,Mar,21,2015,1,Sat,FY15,1,Q1
03/22/2015,3,Mar,22,2015,2,Sun,FY15,1,Q1
03/23/2015,3,Mar,23,2015,3,Mon,FY15,1,Q1
03/24/2015,3,Mar,24,2015,4,Tue,FY15,1,Q1
03/25/2015,3,Mar,25,2015,5,Wed,FY15,1,Q1
03/26/2015,3,Mar,26,2015,6,Thu,FY15,1,Q1
03/27/2015,3,Mar,27,2015,7,Fri,FY15,1,Q1
03/28/2015,3,Mar,28,2015,1,Sat,FY15,1,Q1
03/29/2015,3,Mar,29,2015,2,Sun,FY15,1,Q1
03/30/2015,3,Mar,30,2015,3,Mon,FY15,1,Q1
03/31/2015,3,Mar,31,2015,4,Tue,FY15,1,Q1
04/01/2015,4,Apr,1,2015,5,Wed,FY15,2,Q2
04/02/2015,4,Apr,2,2015,6,Thu,FY15,2,Q2
04/03/2015,4,Apr,3,2015,7,Fri,FY15,2,Q2
04/04/2015,4,Apr,4,2015,1,Sat,FY15,2,Q2
04/05/2015,4,Apr,5,2015,2,Sun,FY15,2,Q2
04/06/2015,4,Apr,6,2015,3,Mon,FY15,2,Q2
04/07/2015,4,Apr,7,2015,4,Tue,FY15,2,Q2
04/08/2015,4,Apr,8,2015,5,Wed,FY15,2,Q2
04/09/2015,4,Apr,9,2015,6,Thu,FY15,2,Q2
04/10/2015,4,Apr,10,2015,7,Fri,FY15,2,Q2
04/11/2015,4,Apr,11,2015,1,Sat,FY15,2,Q2
04/12/2015,4,Apr,12,2015,2,Sun,FY15,2,Q2
04/13/2015,4,Apr,13,2015,3,Mon,FY15,2,Q2
04/14/2015,4,Apr,14,2015,4,Tue,FY15,2,Q2
04/15/2015,4,Apr,15,2015,5,Wed,FY15,2,Q2
04/16/2015,4,Apr,16,2015,6,Thu,FY15,2,Q2
04/17/2015,4,Apr,17,2015,7,Fri,FY15,2,Q2
04/18/2015,4,Apr,18,2015,1,Sat,FY15,2,Q2
04/19/2015,4,Apr,19,2015,2,Sun,FY15,2,Q2
04/20/2015,4,Apr,20,2015,3,Mon,FY15,2,Q2
04/21/2015,4,Apr,21,2015,4,Tue,FY15,2,Q2
04/22/2015,4,Apr,22,2015,5,Wed,FY15,2,Q2
04/23/2015,4,Apr,23,2015,6,Thu,FY15,2,Q2
04/24/2015,4,Apr,24,2015,7,Fri,FY15,2,Q2
04/25/2015,4,Apr,25,2015,1,Sat,FY15,2,Q2
04/26/2015,4,Apr,26,2015,2,Sun,FY15,2,Q2
04/27/2015,4,Apr,27,2015,3,Mon,FY15,2,Q2
04/28/2015,4,Apr,28,2015,4,Tue,FY15,2,Q2
04/29/2015,4,Apr,29,2015,5,Wed,FY15,2,Q2
04/30/2015,4,Apr,30,2015,6,Thu,FY15,2,Q2
05/01/2015,5,May,1,2015,7,Fri,FY15,2,Q2
05/02/2015,5,May,2,2015,1,Sat,FY15,2,Q2
05/03/2015,5,May,3,2015,2,Sun,FY15,2,Q2
05/04/2015,5,May,4,2015,3,Mon,FY15,2,Q2
05/05/2015,5,May,5,2015,4,Tue,FY15,2,Q2
05/06/2015,5,May,6,2015,5,Wed,FY15,2,Q2
05/07/2015,5,May,7,2015,6,Thu,FY15,2,Q2
05/08/2015,5,May,8,2015,7,Fri,FY15,2,Q2
05/09/2015,5,May,9,2015,1,Sat,FY15,2,Q2
05/10/2015,5,May,10,2015,2,Sun,FY15,2,Q2
05/11/2015,5,May,11,2015,3,Mon,FY15,2,Q2
05/12/2015,5,May,12,2015,4,Tue,FY15,2,Q2
05/13/2015,5,May,13,2015,5,Wed,FY15,2,Q2
05/14/2015,5,May,14,2015,6,Thu,FY15,2,Q2
05/15/2015,5,May,15,2015,7,Fri,FY15,2,Q2
05/16/2015,5,May,16,2015,1,Sat,FY15,2,Q2
05/17/2015,5,May,17,2015,2,Sun,FY15,2,Q2
05/18/2015,5,May,18,2015,3,Mon,FY15,2,Q2
05/19/2015,5,May,19,2015,4,Tue,FY15,2,Q2
05/20/2015,5,May,20,2015,5,Wed,FY15,2,Q2
05/21/2015,5,May,21,2015,6,Thu,FY15,2,Q2
05/22/2015,5,May,22,2015,7,Fri,FY15,2,Q2
05/23/2015,5,May,23,2015,1,Sat,FY15,2,Q2
05/24/2015,5,May,24,2015,2,Sun,FY15,2,Q2
05/25/2015,5,May,25,2015,3,Mon,FY15,2,Q2
05/26/2015,5,May,26,2015,4,Tue,FY15,2,Q2
05/27/2015,5,May,27,2015,5,Wed,FY15,2,Q2
05/28/2015,5,May,28,2015,6,Thu,FY15,2,Q2
05/29/2015,5,May,29,2015,7,Fri,FY15,2,Q2
05/30/2015,5,May,30,2015,1,Sat,FY15,2,Q2
05/31/2015,5,May,31,2015,2,Sun,FY15,2,Q2
06/01/2015,6,Jun,1,2015,3,Mon,FY15,2,Q2
06/02/2015,6,Jun,2,2015,4,Tue,FY15,2,Q2
06/03/2015,6,Jun,3,2015,5,Wed,FY15,2,Q2
06/04/2015,6,Jun,4,2015,6,Thu,FY15,2,Q2
06/05/2015,6,Jun,5,2015,7,Fri,FY15,2,Q2
06/06/2015,6,Jun,6,2015,1,Sat,FY15,2,Q2
06/07/2015,6,Jun,7,2015,2,Sun,FY15,2,Q2
06/08/2015,6,Jun,8,2015,3,Mon,FY15,2,Q2
06/09/2015,6,Jun,9,2015,4,Tue,FY15,2,Q2
06/10/2015,6,Jun,10,2015,5,Wed,FY15,2,Q2
06/11/2015,6,Jun,11,2015,6,Thu,FY15,2,Q2
06/12/2015,6,Jun,12,2015,7,Fri,FY15,2,Q2
06/13/2015,6,Jun,13,2015,1,Sat,FY15,2,Q2
06/14/2015,6,Jun,14,2015,2,Sun,FY15,2,Q2
06/15/2015,6,Jun,15,2015,3,Mon,FY15,2,Q2
06/16/2015,6,Jun,16,2015,4,Tue,FY15,2,Q2
06/17/2015,6,Jun,17,2015,5,Wed,FY15,2,Q2
06/18/2015,6,Jun,18,2015,6,Thu,FY15,2,Q2
06/19/2015,6,Jun,19,2015,7,Fri,FY15,2,Q2
06/20/2015,6,Jun,20,2015,1,Sat,FY15,2,Q2
06/21/2015,6,Jun,21,2015,2,Sun,FY15,2,Q2
06/22/2015,6,Jun,22,2015,3,Mon,FY15,2,Q2
06/23/2015,6,Jun,23,2015,4,Tue,FY15,2,Q2
06/24/2015,6,Jun,24,2015,5,Wed,FY15,2,Q2
06/25/2015,6,Jun,25,2015,6,Thu,FY15,2,Q2
06/26/2015,6,Jun,26,2015,7,Fri,FY15,2,Q2
06/27/2015,6,Jun,27,2015,1,Sat,FY15,2,Q2
06/28/2015,6,Jun,28,2015,2,Sun,FY15,2,Q2
06/29/2015,6,Jun,29,2015,3,Mon,FY15,2,Q2
06/30/2015,6,Jun,30,2015,4,Tue,FY15,2,Q2
07/01/2015,7,Jul,1,2015,5,Wed,FY15,3,Q3
07/02/2015,7,Jul,2,2015,6,Thu,FY15,3,Q3
07/03/2015,7,Jul,3,2015,7,Fri,FY15,3,Q3
07/04/2015,7,Jul,4,2015,1,Sat,FY15,3,Q3
07/05/2015,7,Jul,5,2015,2,Sun,FY15,3,Q3
07/06/2015,7,Jul,6,2015,3,Mon,FY15,3,Q3
07/07/2015,7,Jul,7,2015,4,Tue,FY15,3,Q3
07/08/2015,7,Jul,8,2015,5,Wed,FY15,3,Q3
07/09/2015,7,Jul,9,2015,6,Thu,FY15,3,Q3
07/10/2015,7,Jul,10,2015,7,Fri,FY15,3,Q3
07/11/2015,7,Jul,11,2015,1,Sat,FY15,3,Q3
07/12/2015,7,Jul,12,2015,2,Sun,FY15,3,Q3
07/13/2015,7,Jul,13,2015,3,Mon,FY15,3,Q3
07/14/2015,7,Jul,14,2015,4,Tue,FY15,3,Q3
07/15/2015,7,Jul,15,2015,5,Wed,FY15,3,Q3
07/16/2015,7,Jul,16,2015,6,Thu,FY15,3,Q3
07/17/2015,7,Jul,17,2015,7,Fri,FY15,3,Q3
07/18/2015,7,Jul,18,2015,1,Sat,FY15,3,Q3
07/19/2015,7,Jul,19,2015,2,Sun,FY15,3,Q3
07/20/2015,7,Jul,20,2015,3,Mon,FY15,3,Q3
07/21/2015,7,Jul,21,2015,4,Tue,FY15,3,Q3
07/22/2015,7,Jul,22,2015,5,Wed,FY15,3,Q3
07/23/2015,7,Jul,23,2015,6,Thu,FY15,3,Q3
07/24/2015,7,Jul,24,2015,7,Fri,FY15,3,Q3
07/25/2015,7,Jul,25,2015,1,Sat,FY15,3,Q3
07/26/2015,7,Jul,26,2015,2,Sun,FY15,3,Q3
07/27/2015,7,Jul,27,2015,3,Mon,FY15,3,Q3
07/28/2015,7,Jul,28,2015,4,Tue,FY15,3,Q3
07/29/2015,7,Jul,29,2015,5,Wed,FY15,3,Q3
07/30/2015,7,Jul,30,2015,6,Thu,FY15,3,Q3
07/31/2015,7,Jul,31,2015,7,Fri,FY15,3,Q3
08/01/2015,8,Aug,1,2015,1,Sat,FY15,3,Q3
08/02/2015,8,Aug,2,2015,2,Sun,FY15,3,Q3
08/03/2015,8,Aug,3,2015,3,Mon,FY15,3,Q3
08/04/2015,8,Aug,4,2015,4,Tue,FY15,3,Q3
08/05/2015,8,Aug,5,2015,5,Wed,FY15,3,Q3
08/06/2015,8,Aug,6,2015,6,Thu,FY15,3,Q3
08/07/2015,8,Aug,7,2015,7,Fri,FY15,3,Q3
08/08/2015,8,Aug,8,2015,1,Sat,FY15,3,Q3
08/09/2015,8,Aug,9,2015,2,Sun,FY15,3,Q3
08/10/2015,8,Aug,10,2015,3,Mon,FY15,3,Q3
08/11/2015,8,Aug,11,2015,4,Tue,FY15,3,Q3
08/12/2015,8,Aug,12,2015,5,Wed,FY15,3,Q3
08/13/2015,8,Aug,13,2015,6,Thu,FY15,3,Q3
08/14/2015,8,Aug,14,2015,7,Fri,FY15,3,Q3
08/15/2015,8,Aug,15,2015,1,Sat,FY15,3,Q3
08/16/2015,8,Aug,16,2015,2,Sun,FY15,3,Q3
08/17/2015,8,Aug,17,2015,3,Mon,FY15,3,Q3
08/18/2015,8,Aug,18,2015,4,Tue,FY15,3,Q3
08/19/2015,8,Aug,19,2015,5,Wed,FY15,3,Q3
08/20/2015,8,Aug,20,2015,6,Thu,FY15,3,Q3
08/21/2015,8,Aug,21,2015,7,Fri,FY15,3,Q3
08/22/2015,8,Aug,22,2015,1,Sat,FY15,3,Q3
08/23/2015,8,Aug,23,2015,2,Sun,FY15,3,Q3
08/24/2015,8,Aug,24,2015,3,Mon,FY15,3,Q3
08/25/2015,8,Aug,25,2015,4,Tue,FY15,3,Q3
08/26/2015,8,Aug,26,2015,5,Wed,FY15,3,Q3
08/27/2015,8,Aug,27,2015,6,Thu,FY15,3,Q3
08/28/2015,8,Aug,28,2015,7,Fri,FY15,3,Q3
08/29/2015,8,Aug,29,2015,1,Sat,FY15,3,Q3
08/30/2015,8,Aug,30,2015,2,Sun,FY15,3,Q3
08/31/2015,8,Aug,31,2015,3,Mon,FY15,3,Q3
09/01/2015,9,Sep,1,2015,4,Tue,FY15,3,Q3
09/02/2015,9,Sep,2,2015,5,Wed,FY15,3,Q3
09/03/2015,9,Sep,3,2015,6,Thu,FY15,3,Q3
09/04/2015,9,Sep,4,2015,7,Fri,FY15,3,Q3
09/05/2015,9,Sep,5,2015,1,Sat,FY15,3,Q3
09/06/2015,9,Sep,6,2015,2,Sun,FY15,3,Q3
09/07/2015,9,Sep,7,2015,3,Mon,FY15,3,Q3
09/08/2015,9,Sep,8,2015,4,Tue,FY15,3,Q3
09/09/2015,9,Sep,9,2015,5,Wed,FY15,3,Q3
09/10/2015,9,Sep,10,2015,6,Thu,FY15,3,Q3
09/11/2015,9,Sep,11,2015,7,Fri,FY15,3,Q3
09/12/2015,9,Sep,12,2015,1,Sat,FY15,3,Q3
09/13/2015,9,Sep,13,2015,2,Sun,FY15,3,Q3
09/14/2015,9,Sep,14,2015,3,Mon,FY15,3,Q3
09/15/2015,9,Sep,15,2015,4,Tue,FY15,3,Q3
09/16/2015,9,Sep,16,2015,5,Wed,FY15,3,Q3
09/17/2015,9,Sep,17,2015,6,Thu,FY15,3,Q3
09/18/2015,9,Sep,18,2015,7,Fri,FY15,3,Q3
09/19/2015,9,Sep,19,2015,1,Sat,FY15,3,Q3
09/20/2015,9,Sep,20,2015,2,Sun,FY15,3,Q3
09/21/2015,9,Sep,21,2015,3,Mon,FY15,3,Q3
09/22/2015,9,Sep,22,2015,4,Tue,FY15,3,Q3
09/23/2015,9,Sep,23,2015,5,Wed,FY15,3,Q3
09/24/2015,9,Sep,24,2015,6,Thu,FY15,3,Q3
09/25/2015,9,Sep,25,2015,7,Fri,FY15,3,Q3
09/26/2015,9,Sep,26,2015,1,Sat,FY15,3,Q3
09/27/2015,9,Sep,27,2015,2,Sun,FY15,3,Q3
09/28/2015,9,Sep,28,2015,3,Mon,FY15,3,Q3
09/29/2015,9,Sep,29,2015,4,Tue,FY15,3,Q3
09/30/2015,9,Sep,30,2015,5,Wed,FY15,3,Q3
10/01/2015,10,Oct,1,2015,6,Thu,FY15,4,Q4
10/02/2015,10,Oct,2,2015,7,Fri,FY15,4,Q4
10/03/2015,10,Oct,3,2015,1,Sat,FY15,4,Q4
10/04/2015,10,Oct,4,2015,2,Sun,FY15,4,Q4
10/05/2015,10,Oct,5,2015,3,Mon,FY15,4,Q4
10/06/2015,10,Oct,6,2015,4,Tue,FY15,4,Q4
10/07/2015,10,Oct,7,2015,5,Wed,FY15,4,Q4
10/08/2015,10,Oct,8,2015,6,Thu,FY15,4,Q4
10/09/2015,10,Oct,9,2015,7,Fri,FY15,4,Q4
10/10/2015,10,Oct,10,2015,1,Sat,FY15,4,Q4
10/11/2015,10,Oct,11,2015,2,Sun,FY15,4,Q4
10/12/2015,10,Oct,12,2015,3,Mon,FY15,4,Q4
10/13/2015,10,Oct,13,2015,4,Tue,FY15,4,Q4
10/14/2015,10,Oct,14,2015,5,Wed,FY15,4,Q4
10/15/2015,10,Oct,15,2015,6,Thu,FY15,4,Q4
10/16/2015,10,Oct,16,2015,7,Fri,FY15,4,Q4
10/17/2015,10,Oct,17,2015,1,Sat,FY15,4,Q4
10/18/2015,10,Oct,18,2015,2,Sun,FY15,4,Q4
10/19/2015,10,Oct,19,2015,3,Mon,FY15,4,Q4
10/20/2015,10,Oct,20,2015,4,Tue,FY15,4,Q4
10/21/2015,10,Oct,21,2015,5,Wed,FY15,4,Q4
10/22/2015,10,Oct,22,2015,6,Thu,FY15,4,Q4
10/23/2015,10,Oct,23,2015,7,Fri,FY15,4,Q4
10/24/2015,10,Oct,24,2015,1,Sat,FY15,4,Q4
10/25/2015,10,Oct,25,2015,2,Sun,FY15,4,Q4
10/26/2015,10,Oct,26,2015,3,Mon,FY15,4,Q4
10/27/2015,10,Oct,27,2015,4,Tue,FY15,4,Q4
10/28/2015,10,Oct,28,2015,5,Wed,FY15,4,Q4
10/29/2015,10,Oct,29,2015,6,Thu,FY15,4,Q4
10/30/2015,10,Oct,30,2015,7,Fri,FY15,4,Q4
10/31/2015,10,Oct,31,2015,1,Sat,FY15,4,Q4
11/01/2015,11,Nov,1,2015,2,Sun,FY15,4,Q4
11/02/2015,11,Nov,2,2015,3,Mon,FY15,4,Q4
11/03/2015,11,Nov,3,2015,4,Tue,FY15,4,Q4
11/04/2015,11,Nov,4,2015,5,Wed,FY15,4,Q4
11/05/2015,11,Nov,5,2015,6,Thu,FY15,4,Q4
11/06/2015,11,Nov,6,2015,7,Fri,FY15,4,Q4
11/07/2015,11,Nov,7,2015,1,Sat,FY15,4,Q4
11/08/2015,11,Nov,8,2015,2,Sun,FY15,4,Q4
11/09/2015,11,Nov,9,2015,3,Mon,FY15,4,Q4
11/10/2015,11,Nov,10,2015,4,Tue,FY15,4,Q4
11/11/2015,11,Nov,11,2015,5,Wed,FY15,4,Q4
11/12/2015,11,Nov,12,2015,6,Thu,FY15,4,Q4
11/13/2015,11,Nov,13,2015,7,Fri,FY15,4,Q4
11/14/2015,11,Nov,14,2015,1,Sat,FY15,4,Q4
11/15/2015,11,Nov,15,2015,2,Sun,FY15,4,Q4
11/16/2015,11,Nov,16,2015,3,Mon,FY15,4,Q4
11/17/2015,11,Nov,17,2015,4,Tue,FY15,4,Q4
11/18/2015,11,Nov,18,2015,5,Wed,FY15,4,Q4
11/19/2015,11,Nov,19,2015,6,Thu,FY15,4,Q4
11/20/2015,11,Nov,20,2015,7,Fri,FY15,4,Q4
11/21/2015,11,Nov,21,2015,1,Sat,FY15,4,Q4
11/22/2015,11,Nov,22,2015,2,Sun,FY15,4,Q4
11/23/2015,11,Nov,23,2015,3,Mon,FY15,4,Q4
11/24/2015,11,Nov,24,2015,4,Tue,FY15,4,Q4
11/25/2015,11,Nov,25,2015,5,Wed,FY15,4,Q4
11/26/2015,11,Nov,26,2015,6,Thu,FY15,4,Q4
11/27/2015,11,Nov,27,2015,7,Fri,FY15,4,Q4
11/28/2015,11,Nov,28,2015,1,Sat,FY15,4,Q4
11/29/2015,11,Nov,29,2015,2,Sun,FY15,4,Q4
11/30/2015,11,Nov,30,2015,3,Mon,FY15,4,Q4
12/01/2015,12,Dec,1,2015,4,Tue,FY15,4,Q4
12/02/2015,12,Dec,2,2015,5,Wed,FY15,4,Q4
12/03/2015,12,Dec,3,2015,6,Thu,FY15,4,Q4
12/04/2015,12,Dec,4,2015,7,Fri,FY15,4,Q4
12/05/2015,12,Dec,5,2015,1,Sat,FY15,4,Q4
12/06/2015,12,Dec,6,2015,2,Sun,FY15,4,Q4
12/07/2015,12,Dec,7,2015,3,Mon,FY15,4,Q4
12/08/2015,12,Dec,8,2015,4,Tue,FY15,4,Q4
12/09/2015,12,Dec,9,2015,5,Wed,FY15,4,Q4
12/10/2015,12,Dec,10,2015,6,Thu,FY15,4,Q4
12/11/2015,12,Dec,11,2015,7,Fri,FY15,4,Q4
12/12/2015,12,Dec,12,2015,1,Sat,FY15,4,Q4
12/13/2015,12,Dec,13,2015,2,Sun,FY15,4,Q4
12/14/2015,12,Dec,14,2015,3,Mon,FY15,4,Q4
12/15/2015,12,Dec,15,2015,4,Tue,FY15,4,Q4
12/16/2015,12,Dec,16,2015,5,Wed,FY15,4,Q4
12/17/2015,12,Dec,17,2015,6,Thu,FY15,4,Q4
12/18/2015,12,Dec,18,2015,7,Fri,FY15,4,Q4
12/19/2015,12,Dec,19,2015,1,Sat,FY15,4,Q4
12/20/2015,12,Dec,20,2015,2,Sun,FY15,4,Q4
12/21/2015,12,Dec,21,2015,3,Mon,FY15,4,Q4
12/22/2015,12,Dec,22,2015,4,Tue,FY15,4,Q4
12/23/2015,12,Dec,23,2015,5,Wed,FY15,4,Q4
12/24/2015,12,Dec,24,2015,6,Thu,FY15,4,Q4
12/25/2015,12,Dec,25,2015,7,Fri,FY15,4,Q4
12/26/2015,12,Dec,26,2015,1,Sat,FY15,4,Q4
12/27/2015,12,Dec,27,2015,2,Sun,FY15,4,Q4
12/28/2015,12,Dec,28,2015,3,Mon,FY15,4,Q4
12/29/2015,12,Dec,29,2015,4,Tue,FY15,4,Q4
12/30/2015,12,Dec,30,2015,5,Wed,FY15,4,Q4
12/31/2015,12,Dec,31,2015,6,Thu,FY15,4,Q4
01/01/2016,1,Jan,1,2016,7,Fri,FY16,1,Q1
01/02/2016,1,Jan,2,2016,1,Sat,FY16,1,Q1
01/03/2016,1,Jan,3,2016,2,Sun,FY16,1,Q1
01/04/2016,1,Jan,4,2016,3,Mon,FY16,1,Q1
01/05/2016,1,Jan,5,2016,4,Tue,FY16,1,Q1
01/06/2016,1,Jan,6,2016,5,Wed,FY16,1,Q1
01/07/2016,1,Jan,7,2016,6,Thu,FY16,1,Q1
01/08/2016,1,Jan,8,2016,7,Fri,FY16,1,Q1
01/09/2016,1,Jan,9,2016,1,Sat,FY16,1,Q1
01/10/2016,1,Jan,10,2016,2,Sun,FY16,1,Q1
01/11/2016,1,Jan,11,2016,3,Mon,FY16,1,Q1
01/12/2016,1,Jan,12,2016,4,Tue,FY16,1,Q1
01/13/2016,1,Jan,13,2016,5,Wed,FY16,1,Q1
01/14/2016,1,Jan,14,2016,6,Thu,FY16,1,Q1
01/15/2016,1,Jan,15,2016,7,Fri,FY16,1,Q1
01/16/2016,1,Jan,16,2016,1,Sat,FY16,1,Q1
01/17/2016,1,Jan,17,2016,2,Sun,FY16,1,Q1
01/18/2016,1,Jan,18,2016,3,Mon,FY16,1,Q1
01/19/2016,1,Jan,19,2016,4,Tue,FY16,1,Q1
01/20/2016,1,Jan,20,2016,5,Wed,FY16,1,Q1
01/21/2016,1,Jan,21,2016,6,Thu,FY16,1,Q1
01/22/2016,1,Jan,22,2016,7,Fri,FY16,1,Q1
01/23/2016,1,Jan,23,2016,1,Sat,FY16,1,Q1
01/24/2016,1,Jan,24,2016,2,Sun,FY16,1,Q1
01/25/2016,1,Jan,25,2016,3,Mon,FY16,1,Q1
01/26/2016,1,Jan,26,2016,4,Tue,FY16,1,Q1
01/27/2016,1,Jan,27,2016,5,Wed,FY16,1,Q1
01/28/2016,1,Jan,28,2016,6,Thu,FY16,1,Q1
01/29/2016,1,Jan,29,2016,7,Fri,FY16,1,Q1
01/30/2016,1,Jan,30,2016,1,Sat,FY16,1,Q1
01/31/2016,1,Jan,31,2016,2,Sun,FY16,1,Q1
02/01/2016,2,Feb,1,2016,3,Mon,FY16,1,Q1
02/02/2016,2,Feb,2,2016,4,Tue,FY16,1,Q1
02/03/2016,2,Feb,3,2016,5,Wed,FY16,1,Q1
02/04/2016,2,Feb,4,2016,6,Thu,FY16,1,Q1
02/05/2016,2,Feb,5,2016,7,Fri,FY16,1,Q1
02/06/2016,2,Feb,6,2016,1,Sat,FY16,1,Q1
02/07/2016,2,Feb,7,2016,2,Sun,FY16,1,Q1
02/08/2016,2,Feb,8,2016,3,Mon,FY16,1,Q1
02/09/2016,2,Feb,9,2016,4,Tue,FY16,1,Q1
02/10/2016,2,Feb,10,2016,5,Wed,FY16,1,Q1
02/11/2016,2,Feb,11,2016,6,Thu,FY16,1,Q1
02/12/2016,2,Feb,12,2016,7,Fri,FY16,1,Q1
02/13/2016,2,Feb,13,2016,1,Sat,FY16,1,Q1
02/14/2016,2,Feb,14,2016,2,Sun,FY16,1,Q1
02/15/2016,2,Feb,15,2016,3,Mon,FY16,1,Q1
02/16/2016,2,Feb,16,2016,4,Tue,FY16,1,Q1
02/17/2016,2,Feb,17,2016,5,Wed,FY16,1,Q1
02/18/2016,2,Feb,18,2016,6,Thu,FY16,1,Q1
02/19/2016,2,Feb,19,2016,7,Fri,FY16,1,Q1
02/20/2016,2,Feb,20,2016,1,Sat,FY16,1,Q1
02/21/2016,2,Feb,21,2016,2,Sun,FY16,1,Q1
02/22/2016,2,Feb,22,2016,3,Mon,FY16,1,Q1
02/23/2016,2,Feb,23,2016,4,Tue,FY16,1,Q1
02/24/2016,2,Feb,24,2016,5,Wed,FY16,1,Q1
02/25/2016,2,Feb,25,2016,6,Thu,FY16,1,Q1
02/26/2016,2,Feb,26,2016,7,Fri,FY16,1,Q1
02/27/2016,2,Feb,27,2016,1,Sat,FY16,1,Q1
02/28/2016,2,Feb,28,2016,2,Sun,FY16,1,Q1
02/29/2016,2,Feb,29,2016,3,Mon,FY16,1,Q1
03/01/2016,3,Mar,1,2016,4,Tue,FY16,1,Q1
03/02/2016,3,Mar,2,2016,5,Wed,FY16,1,Q1
03/03/2016,3,Mar,3,2016,6,Thu,FY16,1,Q1
03/04/2016,3,Mar,4,2016,7,Fri,FY16,1,Q1
03/05/2016,3,Mar,5,2016,1,Sat,FY16,1,Q1
03/06/2016,3,Mar,6,2016,2,Sun,FY16,1,Q1
03/07/2016,3,Mar,7,2016,3,Mon,FY16,1,Q1
03/08/2016,3,Mar,8,2016,4,Tue,FY16,1,Q1
03/09/2016,3,Mar,9,2016,5,Wed,FY16,1,Q1
03/10/2016,3,Mar,10,2016,6,Thu,FY16,1,Q1
03/11/2016,3,Mar,11,2016,7,Fri,FY16,1,Q1
03/12/2016,3,Mar,12,2016,1,Sat,FY16,1,Q1
03/13/2016,3,Mar,13,2016,2,Sun,FY16,1,Q1
03/14/2016,3,Mar,14,2016,3,Mon,FY16,1,Q1
03/15/2016,3,Mar,15,2016,4,Tue,FY16,1,Q1
03/16/2016,3,Mar,16,2016,5,Wed,FY16,1,Q1
03/17/2016,3,Mar,17,2016,6,Thu,FY16,1,Q1
03/18/2016,3,Mar,18,2016,7,Fri,FY16,1,Q1
03/19/2016,3,Mar,19,2016,1,Sat,FY16,1,Q1
03/20/2016,3,Mar,20,2016,2,Sun,FY16,1,Q1
03/21/2016,3,Mar,21,2016,3,Mon,FY16,1,Q1
03/22/2016,3,Mar,22,2016,4,Tue,FY16,1,Q1
03/23/2016,3,Mar,23,2016,5,Wed,FY16,1,Q1
03/24/2016,3,Mar,24,2016,6,Thu,FY16,1,Q1
03/25/2016,3,Mar,25,2016,7,Fri,FY16,1,Q1
03/26/2016,3,Mar,26,2016,1,Sat,FY16,1,Q1
03/27/2016,3,Mar,27,2016,2,Sun,FY16,1,Q1
03/28/2016,3,Mar,28,2016,3,Mon,FY16,1,Q1
03/29/2016,3,Mar,29,2016,4,Tue,FY16,1,Q1
03/30/2016,3,Mar,30,2016,5,Wed,FY16,1,Q1
03/31/2016,3,Mar,31,2016,6,Thu,FY16,1,Q1
04/01/2016,4,Apr,1,2016,7,Fri,FY16,2,Q2
04/02/2016,4,Apr,2,2016,1,Sat,FY16,2,Q2
04/03/2016,4,Apr,3,2016,2,Sun,FY16,2,Q2
04/04/2016,4,Apr,4,2016,3,Mon,FY16,2,Q2
04/05/2016,4,Apr,5,2016,4,Tue,FY16,2,Q2
04/06/2016,4,Apr,6,2016,5,Wed,FY16,2,Q2
04/07/2016,4,Apr,7,2016,6,Thu,FY16,2,Q2
04/08/2016,4,Apr,8,2016,7,Fri,FY16,2,Q2
04/09/2016,4,Apr,9,2016,1,Sat,FY16,2,Q2
04/10/2016,4,Apr,10,2016,2,Sun,FY16,2,Q2
04/11/2016,4,Apr,11,2016,3,Mon,FY16,2,Q2
04/12/2016,4,Apr,12,2016,4,Tue,FY16,2,Q2
04/13/2016,4,Apr,13,2016,5,Wed,FY16,2,Q2
04/14/2016,4,Apr,14,2016,6,Thu,FY16,2,Q2
04/15/2016,4,Apr,15,2016,7,Fri,FY16,2,Q2
04/16/2016,4,Apr,16,2016,1,Sat,FY16,2,Q2
04/17/2016,4,Apr,17,2016,2,Sun,FY16,2,Q2
04/18/2016,4,Apr,18,2016,3,Mon,FY16,2,Q2
04/19/2016,4,Apr,19,2016,4,Tue,FY16,2,Q2
04/20/2016,4,Apr,20,2016,5,Wed,FY16,2,Q2
04/21/2016,4,Apr,21,2016,6,Thu,FY16,2,Q2
04/22/2016,4,Apr,22,2016,7,Fri,FY16,2,Q2
04/23/2016,4,Apr,23,2016,1,Sat,FY16,2,Q2
04/24/2016,4,Apr,24,2016,2,Sun,FY16,2,Q2
04/25/2016,4,Apr,25,2016,3,Mon,FY16,2,Q2
04/26/2016,4,Apr,26,2016,4,Tue,FY16,2,Q2
04/27/2016,4,Apr,27,2016,5,Wed,FY16,2,Q2
04/28/2016,4,Apr,28,2016,6,Thu,FY16,2,Q2
04/29/2016,4,Apr,29,2016,7,Fri,FY16,2,Q2
04/30/2016,4,Apr,30,2016,1,Sat,FY16,2,Q2
05/01/2016,5,May,1,2016,2,Sun,FY16,2,Q2
05/02/2016,5,May,2,2016,3,Mon,FY16,2,Q2
05/03/2016,5,May,3,2016,4,Tue,FY16,2,Q2
05/04/2016,5,May,4,2016,5,Wed,FY16,2,Q2
05/05/2016,5,May,5,2016,6,Thu,FY16,2,Q2
05/06/2016,5,May,6,2016,7,Fri,FY16,2,Q2
05/07/2016,5,May,7,2016,1,Sat,FY16,2,Q2
05/08/2016,5,May,8,2016,2,Sun,FY16,2,Q2
05/09/2016,5,May,9,2016,3,Mon,FY16,2,Q2
05/10/2016,5,May,10,2016,4,Tue,FY16,2,Q2
05/11/2016,5,May,11,2016,5,Wed,FY16,2,Q2
05/12/2016,5,May,12,2016,6,Thu,FY16,2,Q2
05/13/2016,5,May,13,2016,7,Fri,FY16,2,Q2
05/14/2016,5,May,14,2016,1,Sat,FY16,2,Q2
05/15/2016,5,May,15,2016,2,Sun,FY16,2,Q2
05/16/2016,5,May,16,2016,3,Mon,FY16,2,Q2
05/17/2016,5,May,17,2016,4,Tue,FY16,2,Q2
05/18/2016,5,May,18,2016,5,Wed,FY16,2,Q2
05/19/2016,5,May,19,2016,6,Thu,FY16,2,Q2
05/20/2016,5,May,20,2016,7,Fri,FY16,2,Q2
05/21/2016,5,May,21,2016,1,Sat,FY16,2,Q2
05/22/2016,5,May,22,2016,2,Sun,FY16,2,Q2
05/23/2016,5,May,23,2016,3,Mon,FY16,2,Q2
05/24/2016,5,May,24,2016,4,Tue,FY16,2,Q2
05/25/2016,5,May,25,2016,5,Wed,FY16,2,Q2
05/26/2016,5,May,26,2016,6,Thu,FY16,2,Q2
05/27/2016,5,May,27,2016,7,Fri,FY16,2,Q2
05/28/2016,5,May,28,2016,1,Sat,FY16,2,Q2
05/29/2016,5,May,29,2016,2,Sun,FY16,2,Q2
05/30/2016,5,May,30,2016,3,Mon,FY16,2,Q2
05/31/2016,5,May,31,2016,4,Tue,FY16,2,Q2
06/01/2016,6,Jun,1,2016,5,Wed,FY16,2,Q2
06/02/2016,6,Jun,2,2016,6,Thu,FY16,2,Q2
06/03/2016,6,Jun,3,2016,7,Fri,FY16,2,Q2
06/04/2016,6,Jun,4,2016,1,Sat,FY16,2,Q2
06/05/2016,6,Jun,5,2016,2,Sun,FY16,2,Q2
06/06/2016,6,Jun,6,2016,3,Mon,FY16,2,Q2
06/07/2016,6,Jun,7,2016,4,Tue,FY16,2,Q2
06/08/2016,6,Jun,8,2016,5,Wed,FY16,2,Q2
06/09/2016,6,Jun,9,2016,6,Thu,FY16,2,Q2
06/10/2016,6,Jun,10,2016,7,Fri,FY16,2,Q2
06/11/2016,6,Jun,11,2016,1,Sat,FY16,2,Q2
06/12/2016,6,Jun,12,2016,2,Sun,FY16,2,Q2
06/13/2016,6,Jun,13,2016,3,Mon,FY16,2,Q2
06/14/2016,6,Jun,14,2016,4,Tue,FY16,2,Q2
06/15/2016,6,Jun,15,2016,5,Wed,FY16,2,Q2
06/16/2016,6,Jun,16,2016,6,Thu,FY16,2,Q2
06/17/2016,6,Jun,17,2016,7,Fri,FY16,2,Q2
06/18/2016,6,Jun,18,2016,1,Sat,FY16,2,Q2
06/19/2016,6,Jun,19,2016,2,Sun,FY16,2,Q2
06/20/2016,6,Jun,20,2016,3,Mon,FY16,2,Q2
06/21/2016,6,Jun,21,2016,4,Tue,FY16,2,Q2
06/22/2016,6,Jun,22,2016,5,Wed,FY16,2,Q2
06/23/2016,6,Jun,23,2016,6,Thu,FY16,2,Q2
06/24/2016,6,Jun,24,2016,7,Fri,FY16,2,Q2
06/25/2016,6,Jun,25,2016,1,Sat,FY16,2,Q2
06/26/2016,6,Jun,26,2016,2,Sun,FY16,2,Q2
06/27/2016,6,Jun,27,2016,3,Mon,FY16,2,Q2
06/28/2016,6,Jun,28,2016,4,Tue,FY16,2,Q2
06/29/2016,6,Jun,29,2016,5,Wed,FY16,2,Q2
06/30/2016,6,Jun,30,2016,6,Thu,FY16,2,Q2
07/01/2016,7,Jul,1,2016,7,Fri,FY16,3,Q3
07/02/2016,7,Jul,2,2016,1,Sat,FY16,3,Q3
07/03/2016,7,Jul,3,2016,2,Sun,FY16,3,Q3
07/04/2016,7,Jul,4,2016,3,Mon,FY16,3,Q3
07/05/2016,7,Jul,5,2016,4,Tue,FY16,3,Q3
07/06/2016,7,Jul,6,2016,5,Wed,FY16,3,Q3
07/07/2016,7,Jul,7,2016,6,Thu,FY16,3,Q3
07/08/2016,7,Jul,8,2016,7,Fri,FY16,3,Q3
07/09/2016,7,Jul,9,2016,1,Sat,FY16,3,Q3
07/10/2016,7,Jul,10,2016,2,Sun,FY16,3,Q3
07/11/2016,7,Jul,11,2016,3,Mon,FY16,3,Q3
07/12/2016,7,Jul,12,2016,4,Tue,FY16,3,Q3
07/13/2016,7,Jul,13,2016,5,Wed,FY16,3,Q3
07/14/2016,7,Jul,14,2016,6,Thu,FY16,3,Q3
07/15/2016,7,Jul,15,2016,7,Fri,FY16,3,Q3
07/16/2016,7,Jul,16,2016,1,Sat,FY16,3,Q3
07/17/2016,7,Jul,17,2016,2,Sun,FY16,3,Q3
07/18/2016,7,Jul,18,2016,3,Mon,FY16,3,Q3
07/19/2016,7,Jul,19,2016,4,Tue,FY16,3,Q3
07/20/2016,7,Jul,20,2016,5,Wed,FY16,3,Q3
07/21/2016,7,Jul,21,2016,6,Thu,FY16,3,Q3
07/22/2016,7,Jul,22,2016,7,Fri,FY16,3,Q3
07/23/2016,7,Jul,23,2016,1,Sat,FY16,3,Q3
07/24/2016,7,Jul,24,2016,2,Sun,FY16,3,Q3
07/25/2016,7,Jul,25,2016,3,Mon,FY16,3,Q3
07/26/2016,7,Jul,26,2016,4,Tue,FY16,3,Q3
07/27/2016,7,Jul,27,2016,5,Wed,FY16,3,Q3
07/28/2016,7,Jul,28,2016,6,Thu,FY16,3,Q3
07/29/2016,7,Jul,29,2016,7,Fri,FY16,3,Q3
07/30/2016,7,Jul,30,2016,1,Sat,FY16,3,Q3
07/31/2016,7,Jul,31,2016,2,Sun,FY16,3,Q3
08/01/2016,8,Aug,1,2016,3,Mon,FY16,3,Q3
08/02/2016,8,Aug,2,2016,4,Tue,FY16,3,Q3
08/03/2016,8,Aug,3,2016,5,Wed,FY16,3,Q3
08/04/2016,8,Aug,4,2016,6,Thu,FY16,3,Q3
08/05/2016,8,Aug,5,2016,7,Fri,FY16,3,Q3
08/06/2016,8,Aug,6,2016,1,Sat,FY16,3,Q3
08/07/2016,8,Aug,7,2016,2,Sun,FY16,3,Q3
08/08/2016,8,Aug,8,2016,3,Mon,FY16,3,Q3
08/09/2016,8,Aug,9,2016,4,Tue,FY16,3,Q3
08/10/2016,8,Aug,10,2016,5,Wed,FY16,3,Q3
08/11/2016,8,Aug,11,2016,6,Thu,FY16,3,Q3
08/12/2016,8,Aug,12,2016,7,Fri,FY16,3,Q3
08/13/2016,8,Aug,13,2016,1,Sat,FY16,3,Q3
08/14/2016,8,Aug,14,2016,2,Sun,FY16,3,Q3
08/15/2016,8,Aug,15,2016,3,Mon,FY16,3,Q3
08/16/2016,8,Aug,16,2016,4,Tue,FY16,3,Q3
08/17/2016,8,Aug,17,2016,5,Wed,FY16,3,Q3
08/18/2016,8,Aug,18,2016,6,Thu,FY16,3,Q3
08/19/2016,8,Aug,19,2016,7,Fri,FY16,3,Q3
08/20/2016,8,Aug,20,2016,1,Sat,FY16,3,Q3
08/21/2016,8,Aug,21,2016,2,Sun,FY16,3,Q3
08/22/2016,8,Aug,22,2016,3,Mon,FY16,3,Q3
08/23/2016,8,Aug,23,2016,4,Tue,FY16,3,Q3
08/24/2016,8,Aug,24,2016,5,Wed,FY16,3,Q3
08/25/2016,8,Aug,25,2016,6,Thu,FY16,3,Q3
08/26/2016,8,Aug,26,2016,7,Fri,FY16,3,Q3
08/27/2016,8,Aug,27,2016,1,Sat,FY16,3,Q3
08/28/2016,8,Aug,28,2016,2,Sun,FY16,3,Q3
08/29/2016,8,Aug,29,2016,3,Mon,FY16,3,Q3
08/30/2016,8,Aug,30,2016,4,Tue,FY16,3,Q3
08/31/2016,8,Aug,31,2016,5,Wed,FY16,3,Q3
09/01/2016,9,Sep,1,2016,6,Thu,FY16,3,Q3
09/02/2016,9,Sep,2,2016,7,Fri,FY16,3,Q3
09/03/2016,9,Sep,3,2016,1,Sat,FY16,3,Q3
09/04/2016,9,Sep,4,2016,2,Sun,FY16,3,Q3
09/05/2016,9,Sep,5,2016,3,Mon,FY16,3,Q3
09/06/2016,9,Sep,6,2016,4,Tue,FY16,3,Q3
09/07/2016,9,Sep,7,2016,5,Wed,FY16,3,Q3
09/08/2016,9,Sep,8,2016,6,Thu,FY16,3,Q3
09/09/2016,9,Sep,9,2016,7,Fri,FY16,3,Q3
09/10/2016,9,Sep,10,2016,1,Sat,FY16,3,Q3
09/11/2016,9,Sep,11,2016,2,Sun,FY16,3,Q3
09/12/2016,9,Sep,12,2016,3,Mon,FY16,3,Q3
09/13/2016,9,Sep,13,2016,4,Tue,FY16,3,Q3
09/14/2016,9,Sep,14,2016,5,Wed,FY16,3,Q3
09/15/2016,9,Sep,15,2016,6,Thu,FY16,3,Q3
09/16/2016,9,Sep,16,2016,7,Fri,FY16,3,Q3
09/17/2016,9,Sep,17,2016,1,Sat,FY16,3,Q3
09/18/2016,9,Sep,18,2016,2,Sun,FY16,3,Q3
09/19/2016,9,Sep,19,2016,3,Mon,FY16,3,Q3
09/20/2016,9,Sep,20,2016,4,Tue,FY16,3,Q3
09/21/2016,9,Sep,21,2016,5,Wed,FY16,3,Q3
09/22/2016,9,Sep,22,2016,6,Thu,FY16,3,Q3
09/23/2016,9,Sep,23,2016,7,Fri,FY16,3,Q3
09/24/2016,9,Sep,24,2016,1,Sat,FY16,3,Q3
09/25/2016,9,Sep,25,2016,2,Sun,FY16,3,Q3
09/26/2016,9,Sep,26,2016,3,Mon,FY16,3,Q3
09/27/2016,9,Sep,27,2016,4,Tue,FY16,3,Q3
09/28/2016,9,Sep,28,2016,5,Wed,FY16,3,Q3
09/29/2016,9,Sep,29,2016,6,Thu,FY16,3,Q3
09/30/2016,9,Sep,30,2016,7,Fri,FY16,3,Q3
10/01/2016,10,Oct,1,2016,1,Sat,FY16,4,Q4
10/02/2016,10,Oct,2,2016,2,Sun,FY16,4,Q4
10/03/2016,10,Oct,3,2016,3,Mon,FY16,4,Q4
10/04/2016,10,Oct,4,2016,4,Tue,FY16,4,Q4
10/05/2016,10,Oct,5,2016,5,Wed,FY16,4,Q4
10/06/2016,10,Oct,6,2016,6,Thu,FY16,4,Q4
10/07/2016,10,Oct,7,2016,7,Fri,FY16,4,Q4
10/08/2016,10,Oct,8,2016,1,Sat,FY16,4,Q4
10/09/2016,10,Oct,9,2016,2,Sun,FY16,4,Q4
10/10/2016,10,Oct,10,2016,3,Mon,FY16,4,Q4
10/11/2016,10,Oct,11,2016,4,Tue,FY16,4,Q4
10/12/2016,10,Oct,12,2016,5,Wed,FY16,4,Q4
10/13/2016,10,Oct,13,2016,6,Thu,FY16,4,Q4
10/14/2016,10,Oct,14,2016,7,Fri,FY16,4,Q4
10/15/2016,10,Oct,15,2016,1,Sat,FY16,4,Q4
10/16/2016,10,Oct,16,2016,2,Sun,FY16,4,Q4
10/17/2016,10,Oct,17,2016,3,Mon,FY16,4,Q4
10/18/2016,10,Oct,18,2016,4,Tue,FY16,4,Q4
10/19/2016,10,Oct,19,2016,5,Wed,FY16,4,Q4
10/20/2016,10,Oct,20,2016,6,Thu,FY16,4,Q4
10/21/2016,10,Oct,21,2016,7,Fri,FY16,4,Q4
10/22/2016,10,Oct,22,2016,1,Sat,FY16,4,Q4
10/23/2016,10,Oct,23,2016,2,Sun,FY16,4,Q4
10/24/2016,10,Oct,24,2016,3,Mon,FY16,4,Q4
10/25/2016,10,Oct,25,2016,4,Tue,FY16,4,Q4
10/26/2016,10,Oct,26,2016,5,Wed,FY16,4,Q4
10/27/2016,10,Oct,27,2016,6,Thu,FY16,4,Q4
10/28/2016,10,Oct,28,2016,7,Fri,FY16,4,Q4
10/29/2016,10,Oct,29,2016,1,Sat,FY16,4,Q4
10/30/2016,10,Oct,30,2016,2,Sun,FY16,4,Q4
10/31/2016,10,Oct,31,2016,3,Mon,FY16,4,Q4
11/01/2016,11,Nov,1,2016,4,Tue,FY16,4,Q4
11/02/2016,11,Nov,2,2016,5,Wed,FY16,4,Q4
11/03/2016,11,Nov,3,2016,6,Thu,FY16,4,Q4
11/04/2016,11,Nov,4,2016,7,Fri,FY16,4,Q4
11/05/2016,11,Nov,5,2016,1,Sat,FY16,4,Q4
11/06/2016,11,Nov,6,2016,2,Sun,FY16,4,Q4
11/07/2016,11,Nov,7,2016,3,Mon,FY16,4,Q4
11/08/2016,11,Nov,8,2016,4,Tue,FY16,4,Q4
11/09/2016,11,Nov,9,2016,5,Wed,FY16,4,Q4
11/10/2016,11,Nov,10,2016,6,Thu,FY16,4,Q4
11/11/2016,11,Nov,11,2016,7,Fri,FY16,4,Q4
11/12/2016,11,Nov,12,2016,1,Sat,FY16,4,Q4
11/13/2016,11,Nov,13,2016,2,Sun,FY16,4,Q4
11/14/2016,11,Nov,14,2016,3,Mon,FY16,4,Q4
11/15/2016,11,Nov,15,2016,4,Tue,FY16,4,Q4
11/16/2016,11,Nov,16,2016,5,Wed,FY16,4,Q4
11/17/2016,11,Nov,17,2016,6,Thu,FY16,4,Q4
11/18/2016,11,Nov,18,2016,7,Fri,FY16,4,Q4
11/19/2016,11,Nov,19,2016,1,Sat,FY16,4,Q4
11/20/2016,11,Nov,20,2016,2,Sun,FY16,4,Q4
11/21/2016,11,Nov,21,2016,3,Mon,FY16,4,Q4
11/22/2016,11,Nov,22,2016,4,Tue,FY16,4,Q4
11/23/2016,11,Nov,23,2016,5,Wed,FY16,4,Q4
11/24/2016,11,Nov,24,2016,6,Thu,FY16,4,Q4
11/25/2016,11,Nov,25,2016,7,Fri,FY16,4,Q4
11/26/2016,11,Nov,26,2016,1,Sat,FY16,4,Q4
11/27/2016,11,Nov,27,2016,2,Sun,FY16,4,Q4
11/28/2016,11,Nov,28,2016,3,Mon,FY16,4,Q4
11/29/2016,11,Nov,29,2016,4,Tue,FY16,4,Q4
11/30/2016,11,Nov,30,2016,5,Wed,FY16,4,Q4
12/01/2016,12,Dec,1,2016,6,Thu,FY16,4,Q4
12/02/2016,12,Dec,2,2016,7,Fri,FY16,4,Q4
12/03/2016,12,Dec,3,2016,1,Sat,FY16,4,Q4
12/04/2016,12,Dec,4,2016,2,Sun,FY16,4,Q4
12/05/2016,12,Dec,5,2016,3,Mon,FY16,4,Q4
12/06/2016,12,Dec,6,2016,4,Tue,FY16,4,Q4
12/07/2016,12,Dec,7,2016,5,Wed,FY16,4,Q4
12/08/2016,12,Dec,8,2016,6,Thu,FY16,4,Q4
12/09/2016,12,Dec,9,2016,7,Fri,FY16,4,Q4
12/10/2016,12,Dec,10,2016,1,Sat,FY16,4,Q4
12/11/2016,12,Dec,11,2016,2,Sun,FY16,4,Q4
12/12/2016,12,Dec,12,2016,3,Mon,FY16,4,Q4
12/13/2016,12,Dec,13,2016,4,Tue,FY16,4,Q4
12/14/2016,12,Dec,14,2016,5,Wed,FY16,4,Q4
12/15/2016,12,Dec,15,2016,6,Thu,FY16,4,Q4
12/16/2016,12,Dec,16,2016,7,Fri,FY16,4,Q4
12/17/2016,12,Dec,17,2016,1,Sat,FY16,4,Q4
12/18/2016,12,Dec,18,2016,2,Sun,FY16,4,Q4
12/19/2016,12,Dec,19,2016,3,Mon,FY16,4,Q4
12/20/2016,12,Dec,20,2016,4,Tue,FY16,4,Q4
12/21/2016,12,Dec,21,2016,5,Wed,FY16,4,Q4
12/22/2016,12,Dec,22,2016,6,Thu,FY16,4,Q4
12/23/2016,12,Dec,23,2016,7,Fri,FY16,4,Q4
12/24/2016,12,Dec,24,2016,1,Sat,FY16,4,Q4
12/25/2016,12,Dec,25,2016,2,Sun,FY16,4,Q4
12/26/2016,12,Dec,26,2016,3,Mon,FY16,4,Q4
12/27/2016,12,Dec,27,2016,4,Tue,FY16,4,Q4
12/28/2016,12,Dec,28,2016,5,Wed,FY16,4,Q4
12/29/2016,12,Dec,29,2016,6,Thu,FY16,4,Q4
12/30/2016,12,Dec,30,2016,7,Fri,FY16,4,Q4
12/31/2016,12,Dec,31,2016,1,Sat,FY16,4,Q4
01/01/2017,1,Jan,1,2017,2,Sun,FY17,1,Q1
01/02/2017,1,Jan,2,2017,3,Mon,FY17,1,Q1
01/03/2017,1,Jan,3,2017,4,Tue,FY17,1,Q1
01/04/2017,1,Jan,4,2017,5,Wed,FY17,1,Q1
01/05/2017,1,Jan,5,2017,6,Thu,FY17,1,Q1
01/06/2017,1,Jan,6,2017,7,Fri,FY17,1,Q1
01/07/2017,1,Jan,7,2017,1,Sat,FY17,1,Q1
01/08/2017,1,Jan,8,2017,2,Sun,FY17,1,Q1
01/09/2017,1,Jan,9,2017,3,Mon,FY17,1,Q1
01/10/2017,1,Jan,10,2017,4,Tue,FY17,1,Q1
01/11/2017,1,Jan,11,2017,5,Wed,FY17,1,Q1
01/12/2017,1,Jan,12,2017,6,Thu,FY17,1,Q1
01/13/2017,1,Jan,13,2017,7,Fri,FY17,1,Q1
01/14/2017,1,Jan,14,2017,1,Sat,FY17,1,Q1
01/15/2017,1,Jan,15,2017,2,Sun,FY17,1,Q1
01/16/2017,1,Jan,16,2017,3,Mon,FY17,1,Q1
01/17/2017,1,Jan,17,2017,4,Tue,FY17,1,Q1
01/18/2017,1,Jan,18,2017,5,Wed,FY17,1,Q1
01/19/2017,1,Jan,19,2017,6,Thu,FY17,1,Q1
01/20/2017,1,Jan,20,2017,7,Fri,FY17,1,Q1
01/21/2017,1,Jan,21,2017,1,Sat,FY17,1,Q1
01/22/2017,1,Jan,22,2017,2,Sun,FY17,1,Q1
01/23/2017,1,Jan,23,2017,3,Mon,FY17,1,Q1
01/24/2017,1,Jan,24,2017,4,Tue,FY17,1,Q1
01/25/2017,1,Jan,25,2017,5,Wed,FY17,1,Q1
01/26/2017,1,Jan,26,2017,6,Thu,FY17,1,Q1
01/27/2017,1,Jan,27,2017,7,Fri,FY17,1,Q1
01/28/2017,1,Jan,28,2017,1,Sat,FY17,1,Q1
01/29/2017,1,Jan,29,2017,2,Sun,FY17,1,Q1
01/30/2017,1,Jan,30,2017,3,Mon,FY17,1,Q1
01/31/2017,1,Jan,31,2017,4,Tue,FY17,1,Q1
02/01/2017,2,Feb,1,2017,5,Wed,FY17,1,Q1
02/02/2017,2,Feb,2,2017,6,Thu,FY17,1,Q1
02/03/2017,2,Feb,3,2017,7,Fri,FY17,1,Q1
02/04/2017,2,Feb,4,2017,1,Sat,FY17,1,Q1
02/05/2017,2,Feb,5,2017,2,Sun,FY17,1,Q1
02/06/2017,2,Feb,6,2017,3,Mon,FY17,1,Q1
02/07/2017,2,Feb,7,2017,4,Tue,FY17,1,Q1
02/08/2017,2,Feb,8,2017,5,Wed,FY17,1,Q1
02/09/2017,2,Feb,9,2017,6,Thu,FY17,1,Q1
02/10/2017,2,Feb,10,2017,7,Fri,FY17,1,Q1
02/11/2017,2,Feb,11,2017,1,Sat,FY17,1,Q1
02/12/2017,2,Feb,12,2017,2,Sun,FY17,1,Q1
02/13/2017,2,Feb,13,2017,3,Mon,FY17,1,Q1
02/14/2017,2,Feb,14,2017,4,Tue,FY17,1,Q1
02/15/2017,2,Feb,15,2017,5,Wed,FY17,1,Q1
02/16/2017,2,Feb,16,2017,6,Thu,FY17,1,Q1
02/17/2017,2,Feb,17,2017,7,Fri,FY17,1,Q1
02/18/2017,2,Feb,18,2017,1,Sat,FY17,1,Q1
02/19/2017,2,Feb,19,2017,2,Sun,FY17,1,Q1
02/20/2017,2,Feb,20,2017,3,Mon,FY17,1,Q1
02/21/2017,2,Feb,21,2017,4,Tue,FY17,1,Q1
02/22/2017,2,Feb,22,2017,5,Wed,FY17,1,Q1
02/23/2017,2,Feb,23,2017,6,Thu,FY17,1,Q1
02/24/2017,2,Feb,24,2017,7,Fri,FY17,1,Q1
02/25/2017,2,Feb,25,2017,1,Sat,FY17,1,Q1
02/26/2017,2,Feb,26,2017,2,Sun,FY17,1,Q1
02/27/2017,2,Feb,27,2017,3,Mon,FY17,1,Q1
02/28/2017,2,Feb,28,2017,4,Tue,FY17,1,Q1
03/01/2017,3,Mar,1,2017,5,Wed,FY17,1,Q1
03/02/2017,3,Mar,2,2017,6,Thu,FY17,1,Q1
03/03/2017,3,Mar,3,2017,7,Fri,FY17,1,Q1
03/04/2017,3,Mar,4,2017,1,Sat,FY17,1,Q1
03/05/2017,3,Mar,5,2017,2,Sun,FY17,1,Q1
03/06/2017,3,Mar,6,2017,3,Mon,FY17,1,Q1
03/07/2017,3,Mar,7,2017,4,Tue,FY17,1,Q1
03/08/2017,3,Mar,8,2017,5,Wed,FY17,1,Q1
03/09/2017,3,Mar,9,2017,6,Thu,FY17,1,Q1
03/10/2017,3,Mar,10,2017,7,Fri,FY17,1,Q1
03/11/2017,3,Mar,11,2017,1,Sat,FY17,1,Q1
03/12/2017,3,Mar,12,2017,2,Sun,FY17,1,Q1
03/13/2017,3,Mar,13,2017,3,Mon,FY17,1,Q1
03/14/2017,3,Mar,14,2017,4,Tue,FY17,1,Q1
03/15/2017,3,Mar,15,2017,5,Wed,FY17,1,Q1
03/16/2017,3,Mar,16,2017,6,Thu,FY17,1,Q1
03/17/2017,3,Mar,17,2017,7,Fri,FY17,1,Q1
03/18/2017,3,Mar,18,2017,1,Sat,FY17,1,Q1
03/19/2017,3,Mar,19,2017,2,Sun,FY17,1,Q1
03/20/2017,3,Mar,20,2017,3,Mon,FY17,1,Q1
03/21/2017,3,Mar,21,2017,4,Tue,FY17,1,Q1
03/22/2017,3,Mar,22,2017,5,Wed,FY17,1,Q1
03/23/2017,3,Mar,23,2017,6,Thu,FY17,1,Q1
03/24/2017,3,Mar,24,2017,7,Fri,FY17,1,Q1
03/25/2017,3,Mar,25,2017,1,Sat,FY17,1,Q1
03/26/2017,3,Mar,26,2017,2,Sun,FY17,1,Q1
03/27/2017,3,Mar,27,2017,3,Mon,FY17,1,Q1
03/28/2017,3,Mar,28,2017,4,Tue,FY17,1,Q1
03/29/2017,3,Mar,29,2017,5,Wed,FY17,1,Q1
03/30/2017,3,Mar,30,2017,6,Thu,FY17,1,Q1
03/31/2017,3,Mar,31,2017,7,Fri,FY17,1,Q1
04/01/2017,4,Apr,1,2017,1,Sat,FY17,2,Q2
04/02/2017,4,Apr,2,2017,2,Sun,FY17,2,Q2
04/03/2017,4,Apr,3,2017,3,Mon,FY17,2,Q2
04/04/2017,4,Apr,4,2017,4,Tue,FY17,2,Q2
04/05/2017,4,Apr,5,2017,5,Wed,FY17,2,Q2
04/06/2017,4,Apr,6,2017,6,Thu,FY17,2,Q2
04/07/2017,4,Apr,7,2017,7,Fri,FY17,2,Q2
04/08/2017,4,Apr,8,2017,1,Sat,FY17,2,Q2
04/09/2017,4,Apr,9,2017,2,Sun,FY17,2,Q2
04/10/2017,4,Apr,10,2017,3,Mon,FY17,2,Q2
04/11/2017,4,Apr,11,2017,4,Tue,FY17,2,Q2
04/12/2017,4,Apr,12,2017,5,Wed,FY17,2,Q2
04/13/2017,4,Apr,13,2017,6,Thu,FY17,2,Q2
04/14/2017,4,Apr,14,2017,7,Fri,FY17,2,Q2
04/15/2017,4,Apr,15,2017,1,Sat,FY17,2,Q2
04/16/2017,4,Apr,16,2017,2,Sun,FY17,2,Q2
04/17/2017,4,Apr,17,2017,3,Mon,FY17,2,Q2
04/18/2017,4,Apr,18,2017,4,Tue,FY17,2,Q2
04/19/2017,4,Apr,19,2017,5,Wed,FY17,2,Q2
04/20/2017,4,Apr,20,2017,6,Thu,FY17,2,Q2
04/21/2017,4,Apr,21,2017,7,Fri,FY17,2,Q2
04/22/2017,4,Apr,22,2017,1,Sat,FY17,2,Q2
04/23/2017,4,Apr,23,2017,2,Sun,FY17,2,Q2
04/24/2017,4,Apr,24,2017,3,Mon,FY17,2,Q2
04/25/2017,4,Apr,25,2017,4,Tue,FY17,2,Q2
04/26/2017,4,Apr,26,2017,5,Wed,FY17,2,Q2
04/27/2017,4,Apr,27,2017,6,Thu,FY17,2,Q2
04/28/2017,4,Apr,28,2017,7,Fri,FY17,2,Q2
04/29/2017,4,Apr,29,2017,1,Sat,FY17,2,Q2
04/30/2017,4,Apr,30,2017,2,Sun,FY17,2,Q2
05/01/2017,5,May,1,2017,3,Mon,FY17,2,Q2
05/02/2017,5,May,2,2017,4,Tue,FY17,2,Q2
05/03/2017,5,May,3,2017,5,Wed,FY17,2,Q2
05/04/2017,5,May,4,2017,6,Thu,FY17,2,Q2
05/05/2017,5,May,5,2017,7,Fri,FY17,2,Q2
05/06/2017,5,May,6,2017,1,Sat,FY17,2,Q2
05/07/2017,5,May,7,2017,2,Sun,FY17,2,Q2
05/08/2017,5,May,8,2017,3,Mon,FY17,2,Q2
05/09/2017,5,May,9,2017,4,Tue,FY17,2,Q2
05/10/2017,5,May,10,2017,5,Wed,FY17,2,Q2
05/11/2017,5,May,11,2017,6,Thu,FY17,2,Q2
05/12/2017,5,May,12,2017,7,Fri,FY17,2,Q2
05/13/2017,5,May,13,2017,1,Sat,FY17,2,Q2
05/14/2017,5,May,14,2017,2,Sun,FY17,2,Q2
05/15/2017,5,May,15,2017,3,Mon,FY17,2,Q2
05/16/2017,5,May,16,2017,4,Tue,FY17,2,Q2
05/17/2017,5,May,17,2017,5,Wed,FY17,2,Q2
05/18/2017,5,May,18,2017,6,Thu,FY17,2,Q2
05/19/2017,5,May,19,2017,7,Fri,FY17,2,Q2
05/20/2017,5,May,20,2017,1,Sat,FY17,2,Q2
05/21/2017,5,May,21,2017,2,Sun,FY17,2,Q2
05/22/2017,5,May,22,2017,3,Mon,FY17,2,Q2
05/23/2017,5,May,23,2017,4,Tue,FY17,2,Q2
05/24/2017,5,May,24,2017,5,Wed,FY17,2,Q2
05/25/2017,5,May,25,2017,6,Thu,FY17,2,Q2
05/26/2017,5,May,26,2017,7,Fri,FY17,2,Q2
05/27/2017,5,May,27,2017,1,Sat,FY17,2,Q2
05/28/2017,5,May,28,2017,2,Sun,FY17,2,Q2
05/29/2017,5,May,29,2017,3,Mon,FY17,2,Q2
05/30/2017,5,May,30,2017,4,Tue,FY17,2,Q2
05/31/2017,5,May,31,2017,5,Wed,FY17,2,Q2
06/01/2017,6,Jun,1,2017,6,Thu,FY17,2,Q2
06/02/2017,6,Jun,2,2017,7,Fri,FY17,2,Q2
06/03/2017,6,Jun,3,2017,1,Sat,FY17,2,Q2
06/04/2017,6,Jun,4,2017,2,Sun,FY17,2,Q2
06/05/2017,6,Jun,5,2017,3,Mon,FY17,2,Q2
06/06/2017,6,Jun,6,2017,4,Tue,FY17,2,Q2
06/07/2017,6,Jun,7,2017,5,Wed,FY17,2,Q2
06/08/2017,6,Jun,8,2017,6,Thu,FY17,2,Q2
06/09/2017,6,Jun,9,2017,7,Fri,FY17,2,Q2
06/10/2017,6,Jun,10,2017,1,Sat,FY17,2,Q2
06/11/2017,6,Jun,11,2017,2,Sun,FY17,2,Q2
06/12/2017,6,Jun,12,2017,3,Mon,FY17,2,Q2
06/13/2017,6,Jun,13,2017,4,Tue,FY17,2,Q2
06/14/2017,6,Jun,14,2017,5,Wed,FY17,2,Q2
06/15/2017,6,Jun,15,2017,6,Thu,FY17,2,Q2
06/16/2017,6,Jun,16,2017,7,Fri,FY17,2,Q2
06/17/2017,6,Jun,17,2017,1,Sat,FY17,2,Q2
06/18/2017,6,Jun,18,2017,2,Sun,FY17,2,Q2
06/19/2017,6,Jun,19,2017,3,Mon,FY17,2,Q2
06/20/2017,6,Jun,20,2017,4,Tue,FY17,2,Q2
06/21/2017,6,Jun,21,2017,5,Wed,FY17,2,Q2
06/22/2017,6,Jun,22,2017,6,Thu,FY17,2,Q2
06/23/2017,6,Jun,23,2017,7,Fri,FY17,2,Q2
06/24/2017,6,Jun,24,2017,1,Sat,FY17,2,Q2
06/25/2017,6,Jun,25,2017,2,Sun,FY17,2,Q2
06/26/2017,6,Jun,26,2017,3,Mon,FY17,2,Q2
06/27/2017,6,Jun,27,2017,4,Tue,FY17,2,Q2
06/28/2017,6,Jun,28,2017,5,Wed,FY17,2,Q2
06/29/2017,6,Jun,29,2017,6,Thu,FY17,2,Q2
06/30/2017,6,Jun,30,2017,7,Fri,FY17,2,Q2
07/01/2017,7,Jul,1,2017,1,Sat,FY17,3,Q3
07/02/2017,7,Jul,2,2017,2,Sun,FY17,3,Q3
07/03/2017,7,Jul,3,2017,3,Mon,FY17,3,Q3
07/04/2017,7,Jul,4,2017,4,Tue,FY17,3,Q3
07/05/2017,7,Jul,5,2017,5,Wed,FY17,3,Q3
07/06/2017,7,Jul,6,2017,6,Thu,FY17,3,Q3
07/07/2017,7,Jul,7,2017,7,Fri,FY17,3,Q3
07/08/2017,7,Jul,8,2017,1,Sat,FY17,3,Q3
07/09/2017,7,Jul,9,2017,2,Sun,FY17,3,Q3
07/10/2017,7,Jul,10,2017,3,Mon,FY17,3,Q3
07/11/2017,7,Jul,11,2017,4,Tue,FY17,3,Q3
07/12/2017,7,Jul,12,2017,5,Wed,FY17,3,Q3
07/13/2017,7,Jul,13,2017,6,Thu,FY17,3,Q3
07/14/2017,7,Jul,14,2017,7,Fri,FY17,3,Q3
07/15/2017,7,Jul,15,2017,1,Sat,FY17,3,Q3
07/16/2017,7,Jul,16,2017,2,Sun,FY17,3,Q3
07/17/2017,7,Jul,17,2017,3,Mon,FY17,3,Q3
07/18/2017,7,Jul,18,2017,4,Tue,FY17,3,Q3
07/19/2017,7,Jul,19,2017,5,Wed,FY17,3,Q3
07/20/2017,7,Jul,20,2017,6,Thu,FY17,3,Q3
07/21/2017,7,Jul,21,2017,7,Fri,FY17,3,Q3
07/22/2017,7,Jul,22,2017,1,Sat,FY17,3,Q3
07/23/2017,7,Jul,23,2017,2,Sun,FY17,3,Q3
07/24/2017,7,Jul,24,2017,3,Mon,FY17,3,Q3
07/25/2017,7,Jul,25,2017,4,Tue,FY17,3,Q3
07/26/2017,7,Jul,26,2017,5,Wed,FY17,3,Q3
07/27/2017,7,Jul,27,2017,6,Thu,FY17,3,Q3
07/28/2017,7,Jul,28,2017,7,Fri,FY17,3,Q3
07/29/2017,7,Jul,29,2017,1,Sat,FY17,3,Q3
07/30/2017,7,Jul,30,2017,2,Sun,FY17,3,Q3
07/31/2017,7,Jul,31,2017,3,Mon,FY17,3,Q3
08/01/2017,8,Aug,1,2017,4,Tue,FY17,3,Q3
08/02/2017,8,Aug,2,2017,5,Wed,FY17,3,Q3
08/03/2017,8,Aug,3,2017,6,Thu,FY17,3,Q3
08/04/2017,8,Aug,4,2017,7,Fri,FY17,3,Q3
08/05/2017,8,Aug,5,2017,1,Sat,FY17,3,Q3
08/06/2017,8,Aug,6,2017,2,Sun,FY17,3,Q3
08/07/2017,8,Aug,7,2017,3,Mon,FY17,3,Q3
08/08/2017,8,Aug,8,2017,4,Tue,FY17,3,Q3
08/09/2017,8,Aug,9,2017,5,Wed,FY17,3,Q3
08/10/2017,8,Aug,10,2017,6,Thu,FY17,3,Q3
08/11/2017,8,Aug,11,2017,7,Fri,FY17,3,Q3
08/12/2017,8,Aug,12,2017,1,Sat,FY17,3,Q3
08/13/2017,8,Aug,13,2017,2,Sun,FY17,3,Q3
08/14/2017,8,Aug,14,2017,3,Mon,FY17,3,Q3
08/15/2017,8,Aug,15,2017,4,Tue,FY17,3,Q3
08/16/2017,8,Aug,16,2017,5,Wed,FY17,3,Q3
08/17/2017,8,Aug,17,2017,6,Thu,FY17,3,Q3
08/18/2017,8,Aug,18,2017,7,Fri,FY17,3,Q3
08/19/2017,8,Aug,19,2017,1,Sat,FY17,3,Q3
08/20/2017,8,Aug,20,2017,2,Sun,FY17,3,Q3
08/21/2017,8,Aug,21,2017,3,Mon,FY17,3,Q3
08/22/2017,8,Aug,22,2017,4,Tue,FY17,3,Q3
08/23/2017,8,Aug,23,2017,5,Wed,FY17,3,Q3
08/24/2017,8,Aug,24,2017,6,Thu,FY17,3,Q3
08/25/2017,8,Aug,25,2017,7,Fri,FY17,3,Q3
08/26/2017,8,Aug,26,2017,1,Sat,FY17,3,Q3
08/27/2017,8,Aug,27,2017,2,Sun,FY17,3,Q3
08/28/2017,8,Aug,28,2017,3,Mon,FY17,3,Q3
08/29/2017,8,Aug,29,2017,4,Tue,FY17,3,Q3
08/30/2017,8,Aug,30,2017,5,Wed,FY17,3,Q3
08/31/2017,8,Aug,31,2017,6,Thu,FY17,3,Q3
09/01/2017,9,Sep,1,2017,7,Fri,FY17,3,Q3
09/02/2017,9,Sep,2,2017,1,Sat,FY17,3,Q3
09/03/2017,9,Sep,3,2017,2,Sun,FY17,3,Q3
09/04/2017,9,Sep,4,2017,3,Mon,FY17,3,Q3
09/05/2017,9,Sep,5,2017,4,Tue,FY17,3,Q3
09/06/2017,9,Sep,6,2017,5,Wed,FY17,3,Q3
09/07/2017,9,Sep,7,2017,6,Thu,FY17,3,Q3
09/08/2017,9,Sep,8,2017,7,Fri,FY17,3,Q3
09/09/2017,9,Sep,9,2017,1,Sat,FY17,3,Q3
09/10/2017,9,Sep,10,2017,2,Sun,FY17,3,Q3
09/11/2017,9,Sep,11,2017,3,Mon,FY17,3,Q3
09/12/2017,9,Sep,12,2017,4,Tue,FY17,3,Q3
09/13/2017,9,Sep,13,2017,5,Wed,FY17,3,Q3
09/14/2017,9,Sep,14,2017,6,Thu,FY17,3,Q3
09/15/2017,9,Sep,15,2017,7,Fri,FY17,3,Q3
09/16/2017,9,Sep,16,2017,1,Sat,FY17,3,Q3
09/17/2017,9,Sep,17,2017,2,Sun,FY17,3,Q3
09/18/2017,9,Sep,18,2017,3,Mon,FY17,3,Q3
09/19/2017,9,Sep,19,2017,4,Tue,FY17,3,Q3
09/20/2017,9,Sep,20,2017,5,Wed,FY17,3,Q3
09/21/2017,9,Sep,21,2017,6,Thu,FY17,3,Q3
09/22/2017,9,Sep,22,2017,7,Fri,FY17,3,Q3
09/23/2017,9,Sep,23,2017,1,Sat,FY17,3,Q3
09/24/2017,9,Sep,24,2017,2,Sun,FY17,3,Q3
09/25/2017,9,Sep,25,2017,3,Mon,FY17,3,Q3
09/26/2017,9,Sep,26,2017,4,Tue,FY17,3,Q3
09/27/2017,9,Sep,27,2017,5,Wed,FY17,3,Q3
09/28/2017,9,Sep,28,2017,6,Thu,FY17,3,Q3
09/29/2017,9,Sep,29,2017,7,Fri,FY17,3,Q3
09/30/2017,9,Sep,30,2017,1,Sat,FY17,3,Q3
10/01/2017,10,Oct,1,2017,2,Sun,FY17,4,Q4
10/02/2017,10,Oct,2,2017,3,Mon,FY17,4,Q4
10/03/2017,10,Oct,3,2017,4,Tue,FY17,4,Q4
10/04/2017,10,Oct,4,2017,5,Wed,FY17,4,Q4
10/05/2017,10,Oct,5,2017,6,Thu,FY17,4,Q4
10/06/2017,10,Oct,6,2017,7,Fri,FY17,4,Q4
10/07/2017,10,Oct,7,2017,1,Sat,FY17,4,Q4
10/08/2017,10,Oct,8,2017,2,Sun,FY17,4,Q4
10/09/2017,10,Oct,9,2017,3,Mon,FY17,4,Q4
10/10/2017,10,Oct,10,2017,4,Tue,FY17,4,Q4
10/11/2017,10,Oct,11,2017,5,Wed,FY17,4,Q4
10/12/2017,10,Oct,12,2017,6,Thu,FY17,4,Q4
10/13/2017,10,Oct,13,2017,7,Fri,FY17,4,Q4
10/14/2017,10,Oct,14,2017,1,Sat,FY17,4,Q4
10/15/2017,10,Oct,15,2017,2,Sun,FY17,4,Q4
10/16/2017,10,Oct,16,2017,3,Mon,FY17,4,Q4
10/17/2017,10,Oct,17,2017,4,Tue,FY17,4,Q4
10/18/2017,10,Oct,18,2017,5,Wed,FY17,4,Q4
10/19/2017,10,Oct,19,2017,6,Thu,FY17,4,Q4
10/20/2017,10,Oct,20,2017,7,Fri,FY17,4,Q4
10/21/2017,10,Oct,21,2017,1,Sat,FY17,4,Q4
10/22/2017,10,Oct,22,2017,2,Sun,FY17,4,Q4
10/23/2017,10,Oct,23,2017,3,Mon,FY17,4,Q4
10/24/2017,10,Oct,24,2017,4,Tue,FY17,4,Q4
10/25/2017,10,Oct,25,2017,5,Wed,FY17,4,Q4
10/26/2017,10,Oct,26,2017,6,Thu,FY17,4,Q4
10/27/2017,10,Oct,27,2017,7,Fri,FY17,4,Q4
10/28/2017,10,Oct,28,2017,1,Sat,FY17,4,Q4
10/29/2017,10,Oct,29,2017,2,Sun,FY17,4,Q4
10/30/2017,10,Oct,30,2017,3,Mon,FY17,4,Q4
10/31/2017,10,Oct,31,2017,4,Tue,FY17,4,Q4
11/01/2017,11,Nov,1,2017,5,Wed,FY17,4,Q4
11/02/2017,11,Nov,2,2017,6,Thu,FY17,4,Q4
11/03/2017,11,Nov,3,2017,7,Fri,FY17,4,Q4
11/04/2017,11,Nov,4,2017,1,Sat,FY17,4,Q4
11/05/2017,11,Nov,5,2017,2,Sun,FY17,4,Q4
11/06/2017,11,Nov,6,2017,3,Mon,FY17,4,Q4
11/07/2017,11,Nov,7,2017,4,Tue,FY17,4,Q4
11/08/2017,11,Nov,8,2017,5,Wed,FY17,4,Q4
11/09/2017,11,Nov,9,2017,6,Thu,FY17,4,Q4
11/10/2017,11,Nov,10,2017,7,Fri,FY17,4,Q4
11/11/2017,11,Nov,11,2017,1,Sat,FY17,4,Q4
11/12/2017,11,Nov,12,2017,2,Sun,FY17,4,Q4
11/13/2017,11,Nov,13,2017,3,Mon,FY17,4,Q4
11/14/2017,11,Nov,14,2017,4,Tue,FY17,4,Q4
11/15/2017,11,Nov,15,2017,5,Wed,FY17,4,Q4
11/16/2017,11,Nov,16,2017,6,Thu,FY17,4,Q4
11/17/2017,11,Nov,17,2017,7,Fri,FY17,4,Q4
11/18/2017,11,Nov,18,2017,1,Sat,FY17,4,Q4
11/19/2017,11,Nov,19,2017,2,Sun,FY17,4,Q4
11/20/2017,11,Nov,20,2017,3,Mon,FY17,4,Q4
11/21/2017,11,Nov,21,2017,4,Tue,FY17,4,Q4
11/22/2017,11,Nov,22,2017,5,Wed,FY17,4,Q4
11/23/2017,11,Nov,23,2017,6,Thu,FY17,4,Q4
11/24/2017,11,Nov,24,2017,7,Fri,FY17,4,Q4
11/25/2017,11,Nov,25,2017,1,Sat,FY17,4,Q4
11/26/2017,11,Nov,26,2017,2,Sun,FY17,4,Q4
11/27/2017,11,Nov,27,2017,3,Mon,FY17,4,Q4
11/28/2017,11,Nov,28,2017,4,Tue,FY17,4,Q4
11/29/2017,11,Nov,29,2017,5,Wed,FY17,4,Q4
11/30/2017,11,Nov,30,2017,6,Thu,FY17,4,Q4
12/01/2017,12,Dec,1,2017,7,Fri,FY17,4,Q4
12/02/2017,12,Dec,2,2017,1,Sat,FY17,4,Q4
12/03/2017,12,Dec,3,2017,2,Sun,FY17,4,Q4
12/04/2017,12,Dec,4,2017,3,Mon,FY17,4,Q4
12/05/2017,12,Dec,5,2017,4,Tue,FY17,4,Q4
12/06/2017,12,Dec,6,2017,5,Wed,FY17,4,Q4
12/07/2017,12,Dec,7,2017,6,Thu,FY17,4,Q4
12/08/2017,12,Dec,8,2017,7,Fri,FY17,4,Q4
12/09/2017,12,Dec,9,2017,1,Sat,FY17,4,Q4
12/10/2017,12,Dec,10,2017,2,Sun,FY17,4,Q4
12/11/2017,12,Dec,11,2017,3,Mon,FY17,4,Q4
12/12/2017,12,Dec,12,2017,4,Tue,FY17,4,Q4
12/13/2017,12,Dec,13,2017,5,Wed,FY17,4,Q4
12/14/2017,12,Dec,14,2017,6,Thu,FY17,4,Q4
12/15/2017,12,Dec,15,2017,7,Fri,FY17,4,Q4
12/16/2017,12,Dec,16,2017,1,Sat,FY17,4,Q4
12/17/2017,12,Dec,17,2017,2,Sun,FY17,4,Q4
12/18/2017,12,Dec,18,2017,3,Mon,FY17,4,Q4
12/19/2017,12,Dec,19,2017,4,Tue,FY17,4,Q4
12/20/2017,12,Dec,20,2017,5,Wed,FY17,4,Q4
12/21/2017,12,Dec,21,2017,6,Thu,FY17,4,Q4
12/22/2017,12,Dec,22,2017,7,Fri,FY17,4,Q4
12/23/2017,12,Dec,23,2017,1,Sat,FY17,4,Q4
12/24/2017,12,Dec,24,2017,2,Sun,FY17,4,Q4
12/25/2017,12,Dec,25,2017,3,Mon,FY17,4,Q4
12/26/2017,12,Dec,26,2017,4,Tue,FY17,4,Q4
12/27/2017,12,Dec,27,2017,5,Wed,FY17,4,Q4
12/28/2017,12,Dec,28,2017,6,Thu,FY17,4,Q4
12/29/2017,12,Dec,29,2017,7,Fri,FY17,4,Q4
12/30/2017,12,Dec,30,2017,1,Sat,FY17,4,Q4
12/31/2017,12,Dec,31,2017,2,Sun,FY17,4,Q4
01/01/2018,1,Jan,1,2018,3,Mon,FY18,1,Q1
01/02/2018,1,Jan,2,2018,4,Tue,FY18,1,Q1
01/03/2018,1,Jan,3,2018,5,Wed,FY18,1,Q1
01/04/2018,1,Jan,4,2018,6,Thu,FY18,1,Q1
01/05/2018,1,Jan,5,2018,7,Fri,FY18,1,Q1
01/06/2018,1,Jan,6,2018,1,Sat,FY18,1,Q1
01/07/2018,1,Jan,7,2018,2,Sun,FY18,1,Q1
01/08/2018,1,Jan,8,2018,3,Mon,FY18,1,Q1
01/09/2018,1,Jan,9,2018,4,Tue,FY18,1,Q1
01/10/2018,1,Jan,10,2018,5,Wed,FY18,1,Q1
01/11/2018,1,Jan,11,2018,6,Thu,FY18,1,Q1
01/12/2018,1,Jan,12,2018,7,Fri,FY18,1,Q1
01/13/2018,1,Jan,13,2018,1,Sat,FY18,1,Q1
01/14/2018,1,Jan,14,2018,2,Sun,FY18,1,Q1
01/15/2018,1,Jan,15,2018,3,Mon,FY18,1,Q1
01/16/2018,1,Jan,16,2018,4,Tue,FY18,1,Q1
01/17/2018,1,Jan,17,2018,5,Wed,FY18,1,Q1
01/18/2018,1,Jan,18,2018,6,Thu,FY18,1,Q1
01/19/2018,1,Jan,19,2018,7,Fri,FY18,1,Q1
01/20/2018,1,Jan,20,2018,1,Sat,FY18,1,Q1
01/21/2018,1,Jan,21,2018,2,Sun,FY18,1,Q1
01/22/2018,1,Jan,22,2018,3,Mon,FY18,1,Q1
01/23/2018,1,Jan,23,2018,4,Tue,FY18,1,Q1
01/24/2018,1,Jan,24,2018,5,Wed,FY18,1,Q1
01/25/2018,1,Jan,25,2018,6,Thu,FY18,1,Q1
01/26/2018,1,Jan,26,2018,7,Fri,FY18,1,Q1
01/27/2018,1,Jan,27,2018,1,Sat,FY18,1,Q1
01/28/2018,1,Jan,28,2018,2,Sun,FY18,1,Q1
01/29/2018,1,Jan,29,2018,3,Mon,FY18,1,Q1
01/30/2018,1,Jan,30,2018,4,Tue,FY18,1,Q1
01/31/2018,1,Jan,31,2018,5,Wed,FY18,1,Q1
02/01/2018,2,Feb,1,2018,6,Thu,FY18,1,Q1
02/02/2018,2,Feb,2,2018,7,Fri,FY18,1,Q1
02/03/2018,2,Feb,3,2018,1,Sat,FY18,1,Q1
02/04/2018,2,Feb,4,2018,2,Sun,FY18,1,Q1
02/05/2018,2,Feb,5,2018,3,Mon,FY18,1,Q1
02/06/2018,2,Feb,6,2018,4,Tue,FY18,1,Q1
02/07/2018,2,Feb,7,2018,5,Wed,FY18,1,Q1
02/08/2018,2,Feb,8,2018,6,Thu,FY18,1,Q1
02/09/2018,2,Feb,9,2018,7,Fri,FY18,1,Q1
02/10/2018,2,Feb,10,2018,1,Sat,FY18,1,Q1
02/11/2018,2,Feb,11,2018,2,Sun,FY18,1,Q1
02/12/2018,2,Feb,12,2018,3,Mon,FY18,1,Q1
02/13/2018,2,Feb,13,2018,4,Tue,FY18,1,Q1
02/14/2018,2,Feb,14,2018,5,Wed,FY18,1,Q1
02/15/2018,2,Feb,15,2018,6,Thu,FY18,1,Q1
02/16/2018,2,Feb,16,2018,7,Fri,FY18,1,Q1
02/17/2018,2,Feb,17,2018,1,Sat,FY18,1,Q1
02/18/2018,2,Feb,18,2018,2,Sun,FY18,1,Q1
02/19/2018,2,Feb,19,2018,3,Mon,FY18,1,Q1
02/20/2018,2,Feb,20,2018,4,Tue,FY18,1,Q1
02/21/2018,2,Feb,21,2018,5,Wed,FY18,1,Q1
02/22/2018,2,Feb,22,2018,6,Thu,FY18,1,Q1
02/23/2018,2,Feb,23,2018,7,Fri,FY18,1,Q1
02/24/2018,2,Feb,24,2018,1,Sat,FY18,1,Q1
02/25/2018,2,Feb,25,2018,2,Sun,FY18,1,Q1
02/26/2018,2,Feb,26,2018,3,Mon,FY18,1,Q1
02/27/2018,2,Feb,27,2018,4,Tue,FY18,1,Q1
02/28/2018,2,Feb,28,2018,5,Wed,FY18,1,Q1
03/01/2018,3,Mar,1,2018,6,Thu,FY18,1,Q1
03/02/2018,3,Mar,2,2018,7,Fri,FY18,1,Q1
03/03/2018,3,Mar,3,2018,1,Sat,FY18,1,Q1
03/04/2018,3,Mar,4,2018,2,Sun,FY18,1,Q1
03/05/2018,3,Mar,5,2018,3,Mon,FY18,1,Q1
03/06/2018,3,Mar,6,2018,4,Tue,FY18,1,Q1
03/07/2018,3,Mar,7,2018,5,Wed,FY18,1,Q1
03/08/2018,3,Mar,8,2018,6,Thu,FY18,1,Q1
03/09/2018,3,Mar,9,2018,7,Fri,FY18,1,Q1
03/10/2018,3,Mar,10,2018,1,Sat,FY18,1,Q1
03/11/2018,3,Mar,11,2018,2,Sun,FY18,1,Q1
03/12/2018,3,Mar,12,2018,3,Mon,FY18,1,Q1
03/13/2018,3,Mar,13,2018,4,Tue,FY18,1,Q1
03/14/2018,3,Mar,14,2018,5,Wed,FY18,1,Q1
03/15/2018,3,Mar,15,2018,6,Thu,FY18,1,Q1
03/16/2018,3,Mar,16,2018,7,Fri,FY18,1,Q1
03/17/2018,3,Mar,17,2018,1,Sat,FY18,1,Q1
03/18/2018,3,Mar,18,2018,2,Sun,FY18,1,Q1
03/19/2018,3,Mar,19,2018,3,Mon,FY18,1,Q1
03/20/2018,3,Mar,20,2018,4,Tue,FY18,1,Q1
03/21/2018,3,Mar,21,2018,5,Wed,FY18,1,Q1
03/22/2018,3,Mar,22,2018,6,Thu,FY18,1,Q1
03/23/2018,3,Mar,23,2018,7,Fri,FY18,1,Q1
03/24/2018,3,Mar,24,2018,1,Sat,FY18,1,Q1
03/25/2018,3,Mar,25,2018,2,Sun,FY18,1,Q1
03/26/2018,3,Mar,26,2018,3,Mon,FY18,1,Q1
03/27/2018,3,Mar,27,2018,4,Tue,FY18,1,Q1
03/28/2018,3,Mar,28,2018,5,Wed,FY18,1,Q1
03/29/2018,3,Mar,29,2018,6,Thu,FY18,1,Q1
03/30/2018,3,Mar,30,2018,7,Fri,FY18,1,Q1
03/31/2018,3,Mar,31,2018,1,Sat,FY18,1,Q1
04/01/2018,4,Apr,1,2018,2,Sun,FY18,2,Q2
04/02/2018,4,Apr,2,2018,3,Mon,FY18,2,Q2
04/03/2018,4,Apr,3,2018,4,Tue,FY18,2,Q2
04/04/2018,4,Apr,4,2018,5,Wed,FY18,2,Q2
04/05/2018,4,Apr,5,2018,6,Thu,FY18,2,Q2
04/06/2018,4,Apr,6,2018,7,Fri,FY18,2,Q2
04/07/2018,4,Apr,7,2018,1,Sat,FY18,2,Q2
04/08/2018,4,Apr,8,2018,2,Sun,FY18,2,Q2
04/09/2018,4,Apr,9,2018,3,Mon,FY18,2,Q2
04/10/2018,4,Apr,10,2018,4,Tue,FY18,2,Q2
04/11/2018,4,Apr,11,2018,5,Wed,FY18,2,Q2
04/12/2018,4,Apr,12,2018,6,Thu,FY18,2,Q2
04/13/2018,4,Apr,13,2018,7,Fri,FY18,2,Q2
04/14/2018,4,Apr,14,2018,1,Sat,FY18,2,Q2
04/15/2018,4,Apr,15,2018,2,Sun,FY18,2,Q2
04/16/2018,4,Apr,16,2018,3,Mon,FY18,2,Q2
04/17/2018,4,Apr,17,2018,4,Tue,FY18,2,Q2
04/18/2018,4,Apr,18,2018,5,Wed,FY18,2,Q2
04/19/2018,4,Apr,19,2018,6,Thu,FY18,2,Q2
04/20/2018,4,Apr,20,2018,7,Fri,FY18,2,Q2
04/21/2018,4,Apr,21,2018,1,Sat,FY18,2,Q2
04/22/2018,4,Apr,22,2018,2,Sun,FY18,2,Q2
04/23/2018,4,Apr,23,2018,3,Mon,FY18,2,Q2
04/24/2018,4,Apr,24,2018,4,Tue,FY18,2,Q2
04/25/2018,4,Apr,25,2018,5,Wed,FY18,2,Q2
04/26/2018,4,Apr,26,2018,6,Thu,FY18,2,Q2
04/27/2018,4,Apr,27,2018,7,Fri,FY18,2,Q2
04/28/2018,4,Apr,28,2018,1,Sat,FY18,2,Q2
04/29/2018,4,Apr,29,2018,2,Sun,FY18,2,Q2
04/30/2018,4,Apr,30,2018,3,Mon,FY18,2,Q2
05/01/2018,5,May,1,2018,4,Tue,FY18,2,Q2
05/02/2018,5,May,2,2018,5,Wed,FY18,2,Q2
05/03/2018,5,May,3,2018,6,Thu,FY18,2,Q2
05/04/2018,5,May,4,2018,7,Fri,FY18,2,Q2
05/05/2018,5,May,5,2018,1,Sat,FY18,2,Q2
05/06/2018,5,May,6,2018,2,Sun,FY18,2,Q2
05/07/2018,5,May,7,2018,3,Mon,FY18,2,Q2
05/08/2018,5,May,8,2018,4,Tue,FY18,2,Q2
05/09/2018,5,May,9,2018,5,Wed,FY18,2,Q2
05/10/2018,5,May,10,2018,6,Thu,FY18,2,Q2
05/11/2018,5,May,11,2018,7,Fri,FY18,2,Q2
05/12/2018,5,May,12,2018,1,Sat,FY18,2,Q2
05/13/2018,5,May,13,2018,2,Sun,FY18,2,Q2
05/14/2018,5,May,14,2018,3,Mon,FY18,2,Q2
05/15/2018,5,May,15,2018,4,Tue,FY18,2,Q2
05/16/2018,5,May,16,2018,5,Wed,FY18,2,Q2
05/17/2018,5,May,17,2018,6,Thu,FY18,2,Q2
05/18/2018,5,May,18,2018,7,Fri,FY18,2,Q2
05/19/2018,5,May,19,2018,1,Sat,FY18,2,Q2
05/20/2018,5,May,20,2018,2,Sun,FY18,2,Q2
05/21/2018,5,May,21,2018,3,Mon,FY18,2,Q2
05/22/2018,5,May,22,2018,4,Tue,FY18,2,Q2
05/23/2018,5,May,23,2018,5,Wed,FY18,2,Q2
05/24/2018,5,May,24,2018,6,Thu,FY18,2,Q2
05/25/2018,5,May,25,2018,7,Fri,FY18,2,Q2
05/26/2018,5,May,26,2018,1,Sat,FY18,2,Q2
05/27/2018,5,May,27,2018,2,Sun,FY18,2,Q2
05/28/2018,5,May,28,2018,3,Mon,FY18,2,Q2
05/29/2018,5,May,29,2018,4,Tue,FY18,2,Q2
05/30/2018,5,May,30,2018,5,Wed,FY18,2,Q2
05/31/2018,5,May,31,2018,6,Thu,FY18,2,Q2
06/01/2018,6,Jun,1,2018,7,Fri,FY18,2,Q2
06/02/2018,6,Jun,2,2018,1,Sat,FY18,2,Q2
06/03/2018,6,Jun,3,2018,2,Sun,FY18,2,Q2
06/04/2018,6,Jun,4,2018,3,Mon,FY18,2,Q2
06/05/2018,6,Jun,5,2018,4,Tue,FY18,2,Q2
06/06/2018,6,Jun,6,2018,5,Wed,FY18,2,Q2
06/07/2018,6,Jun,7,2018,6,Thu,FY18,2,Q2
06/08/2018,6,Jun,8,2018,7,Fri,FY18,2,Q2
06/09/2018,6,Jun,9,2018,1,Sat,FY18,2,Q2
06/10/2018,6,Jun,10,2018,2,Sun,FY18,2,Q2
06/11/2018,6,Jun,11,2018,3,Mon,FY18,2,Q2
06/12/2018,6,Jun,12,2018,4,Tue,FY18,2,Q2
06/13/2018,6,Jun,13,2018,5,Wed,FY18,2,Q2
06/14/2018,6,Jun,14,2018,6,Thu,FY18,2,Q2
06/15/2018,6,Jun,15,2018,7,Fri,FY18,2,Q2
06/16/2018,6,Jun,16,2018,1,Sat,FY18,2,Q2
06/17/2018,6,Jun,17,2018,2,Sun,FY18,2,Q2
06/18/2018,6,Jun,18,2018,3,Mon,FY18,2,Q2
06/19/2018,6,Jun,19,2018,4,Tue,FY18,2,Q2
06/20/2018,6,Jun,20,2018,5,Wed,FY18,2,Q2
06/21/2018,6,Jun,21,2018,6,Thu,FY18,2,Q2
06/22/2018,6,Jun,22,2018,7,Fri,FY18,2,Q2
06/23/2018,6,Jun,23,2018,1,Sat,FY18,2,Q2
06/24/2018,6,Jun,24,2018,2,Sun,FY18,2,Q2
06/25/2018,6,Jun,25,2018,3,Mon,FY18,2,Q2
06/26/2018,6,Jun,26,2018,4,Tue,FY18,2,Q2
06/27/2018,6,Jun,27,2018,5,Wed,FY18,2,Q2
06/28/2018,6,Jun,28,2018,6,Thu,FY18,2,Q2
06/29/2018,6,Jun,29,2018,7,Fri,FY18,2,Q2
06/30/2018,6,Jun,30,2018,1,Sat,FY18,2,Q2
07/01/2018,7,Jul,1,2018,2,Sun,FY18,3,Q3
07/02/2018,7,Jul,2,2018,3,Mon,FY18,3,Q3
07/03/2018,7,Jul,3,2018,4,Tue,FY18,3,Q3
07/04/2018,7,Jul,4,2018,5,Wed,FY18,3,Q3
07/05/2018,7,Jul,5,2018,6,Thu,FY18,3,Q3
07/06/2018,7,Jul,6,2018,7,Fri,FY18,3,Q3
07/07/2018,7,Jul,7,2018,1,Sat,FY18,3,Q3
07/08/2018,7,Jul,8,2018,2,Sun,FY18,3,Q3
07/09/2018,7,Jul,9,2018,3,Mon,FY18,3,Q3
07/10/2018,7,Jul,10,2018,4,Tue,FY18,3,Q3
07/11/2018,7,Jul,11,2018,5,Wed,FY18,3,Q3
07/12/2018,7,Jul,12,2018,6,Thu,FY18,3,Q3
07/13/2018,7,Jul,13,2018,7,Fri,FY18,3,Q3
07/14/2018,7,Jul,14,2018,1,Sat,FY18,3,Q3
07/15/2018,7,Jul,15,2018,2,Sun,FY18,3,Q3
07/16/2018,7,Jul,16,2018,3,Mon,FY18,3,Q3
07/17/2018,7,Jul,17,2018,4,Tue,FY18,3,Q3
07/18/2018,7,Jul,18,2018,5,Wed,FY18,3,Q3
07/19/2018,7,Jul,19,2018,6,Thu,FY18,3,Q3
07/20/2018,7,Jul,20,2018,7,Fri,FY18,3,Q3
07/21/2018,7,Jul,21,2018,1,Sat,FY18,3,Q3
07/22/2018,7,Jul,22,2018,2,Sun,FY18,3,Q3
07/23/2018,7,Jul,23,2018,3,Mon,FY18,3,Q3
07/24/2018,7,Jul,24,2018,4,Tue,FY18,3,Q3
07/25/2018,7,Jul,25,2018,5,Wed,FY18,3,Q3
07/26/2018,7,Jul,26,2018,6,Thu,FY18,3,Q3
07/27/2018,7,Jul,27,2018,7,Fri,FY18,3,Q3
07/28/2018,7,Jul,28,2018,1,Sat,FY18,3,Q3
07/29/2018,7,Jul,29,2018,2,Sun,FY18,3,Q3
07/30/2018,7,Jul,30,2018,3,Mon,FY18,3,Q3
07/31/2018,7,Jul,31,2018,4,Tue,FY18,3,Q3
08/01/2018,8,Aug,1,2018,5,Wed,FY18,3,Q3
08/02/2018,8,Aug,2,2018,6,Thu,FY18,3,Q3
08/03/2018,8,Aug,3,2018,7,Fri,FY18,3,Q3
08/04/2018,8,Aug,4,2018,1,Sat,FY18,3,Q3
08/05/2018,8,Aug,5,2018,2,Sun,FY18,3,Q3
08/06/2018,8,Aug,6,2018,3,Mon,FY18,3,Q3
08/07/2018,8,Aug,7,2018,4,Tue,FY18,3,Q3
08/08/2018,8,Aug,8,2018,5,Wed,FY18,3,Q3
08/09/2018,8,Aug,9,2018,6,Thu,FY18,3,Q3
08/10/2018,8,Aug,10,2018,7,Fri,FY18,3,Q3
08/11/2018,8,Aug,11,2018,1,Sat,FY18,3,Q3
08/12/2018,8,Aug,12,2018,2,Sun,FY18,3,Q3
08/13/2018,8,Aug,13,2018,3,Mon,FY18,3,Q3
08/14/2018,8,Aug,14,2018,4,Tue,FY18,3,Q3
08/15/2018,8,Aug,15,2018,5,Wed,FY18,3,Q3
08/16/2018,8,Aug,16,2018,6,Thu,FY18,3,Q3
08/17/2018,8,Aug,17,2018,7,Fri,FY18,3,Q3
08/18/2018,8,Aug,18,2018,1,Sat,FY18,3,Q3
08/19/2018,8,Aug,19,2018,2,Sun,FY18,3,Q3
08/20/2018,8,Aug,20,2018,3,Mon,FY18,3,Q3
08/21/2018,8,Aug,21,2018,4,Tue,FY18,3,Q3
08/22/2018,8,Aug,22,2018,5,Wed,FY18,3,Q3
08/23/2018,8,Aug,23,2018,6,Thu,FY18,3,Q3
08/24/2018,8,Aug,24,2018,7,Fri,FY18,3,Q3
08/25/2018,8,Aug,25,2018,1,Sat,FY18,3,Q3
08/26/2018,8,Aug,26,2018,2,Sun,FY18,3,Q3
08/27/2018,8,Aug,27,2018,3,Mon,FY18,3,Q3
08/28/2018,8,Aug,28,2018,4,Tue,FY18,3,Q3
08/29/2018,8,Aug,29,2018,5,Wed,FY18,3,Q3
08/30/2018,8,Aug,30,2018,6,Thu,FY18,3,Q3
08/31/2018,8,Aug,31,2018,7,Fri,FY18,3,Q3
09/01/2018,9,Sep,1,2018,1,Sat,FY18,3,Q3
09/02/2018,9,Sep,2,2018,2,Sun,FY18,3,Q3
09/03/2018,9,Sep,3,2018,3,Mon,FY18,3,Q3
09/04/2018,9,Sep,4,2018,4,Tue,FY18,3,Q3
09/05/2018,9,Sep,5,2018,5,Wed,FY18,3,Q3
09/06/2018,9,Sep,6,2018,6,Thu,FY18,3,Q3
09/07/2018,9,Sep,7,2018,7,Fri,FY18,3,Q3
09/08/2018,9,Sep,8,2018,1,Sat,FY18,3,Q3
09/09/2018,9,Sep,9,2018,2,Sun,FY18,3,Q3
09/10/2018,9,Sep,10,2018,3,Mon,FY18,3,Q3
09/11/2018,9,Sep,11,2018,4,Tue,FY18,3,Q3
09/12/2018,9,Sep,12,2018,5,Wed,FY18,3,Q3
09/13/2018,9,Sep,13,2018,6,Thu,FY18,3,Q3
09/14/2018,9,Sep,14,2018,7,Fri,FY18,3,Q3
09/15/2018,9,Sep,15,2018,1,Sat,FY18,3,Q3
09/16/2018,9,Sep,16,2018,2,Sun,FY18,3,Q3
09/17/2018,9,Sep,17,2018,3,Mon,FY18,3,Q3
09/18/2018,9,Sep,18,2018,4,Tue,FY18,3,Q3
09/19/2018,9,Sep,19,2018,5,Wed,FY18,3,Q3
09/20/2018,9,Sep,20,2018,6,Thu,FY18,3,Q3
09/21/2018,9,Sep,21,2018,7,Fri,FY18,3,Q3
09/22/2018,9,Sep,22,2018,1,Sat,FY18,3,Q3
09/23/2018,9,Sep,23,2018,2,Sun,FY18,3,Q3
09/24/2018,9,Sep,24,2018,3,Mon,FY18,3,Q3
09/25/2018,9,Sep,25,2018,4,Tue,FY18,3,Q3
09/26/2018,9,Sep,26,2018,5,Wed,FY18,3,Q3
09/27/2018,9,Sep,27,2018,6,Thu,FY18,3,Q3
09/28/2018,9,Sep,28,2018,7,Fri,FY18,3,Q3
09/29/2018,9,Sep,29,2018,1,Sat,FY18,3,Q3
09/30/2018,9,Sep,30,2018,2,Sun,FY18,3,Q3
10/01/2018,10,Oct,1,2018,3,Mon,FY18,4,Q4
10/02/2018,10,Oct,2,2018,4,Tue,FY18,4,Q4
10/03/2018,10,Oct,3,2018,5,Wed,FY18,4,Q4
10/04/2018,10,Oct,4,2018,6,Thu,FY18,4,Q4
10/05/2018,10,Oct,5,2018,7,Fri,FY18,4,Q4
10/06/2018,10,Oct,6,2018,1,Sat,FY18,4,Q4
10/07/2018,10,Oct,7,2018,2,Sun,FY18,4,Q4
10/08/2018,10,Oct,8,2018,3,Mon,FY18,4,Q4
10/09/2018,10,Oct,9,2018,4,Tue,FY18,4,Q4
10/10/2018,10,Oct,10,2018,5,Wed,FY18,4,Q4
10/11/2018,10,Oct,11,2018,6,Thu,FY18,4,Q4
10/12/2018,10,Oct,12,2018,7,Fri,FY18,4,Q4
10/13/2018,10,Oct,13,2018,1,Sat,FY18,4,Q4
10/14/2018,10,Oct,14,2018,2,Sun,FY18,4,Q4
10/15/2018,10,Oct,15,2018,3,Mon,FY18,4,Q4
10/16/2018,10,Oct,16,2018,4,Tue,FY18,4,Q4
10/17/2018,10,Oct,17,2018,5,Wed,FY18,4,Q4
10/18/2018,10,Oct,18,2018,6,Thu,FY18,4,Q4
10/19/2018,10,Oct,19,2018,7,Fri,FY18,4,Q4
10/20/2018,10,Oct,20,2018,1,Sat,FY18,4,Q4
10/21/2018,10,Oct,21,2018,2,Sun,FY18,4,Q4
10/22/2018,10,Oct,22,2018,3,Mon,FY18,4,Q4
10/23/2018,10,Oct,23,2018,4,Tue,FY18,4,Q4
10/24/2018,10,Oct,24,2018,5,Wed,FY18,4,Q4
10/25/2018,10,Oct,25,2018,6,Thu,FY18,4,Q4
10/26/2018,10,Oct,26,2018,7,Fri,FY18,4,Q4
10/27/2018,10,Oct,27,2018,1,Sat,FY18,4,Q4
10/28/2018,10,Oct,28,2018,2,Sun,FY18,4,Q4
10/29/2018,10,Oct,29,2018,3,Mon,FY18,4,Q4
10/30/2018,10,Oct,30,2018,4,Tue,FY18,4,Q4
10/31/2018,10,Oct,31,2018,5,Wed,FY18,4,Q4
11/01/2018,11,Nov,1,2018,6,Thu,FY18,4,Q4
11/02/2018,11,Nov,2,2018,7,Fri,FY18,4,Q4
11/03/2018,11,Nov,3,2018,1,Sat,FY18,4,Q4
11/04/2018,11,Nov,4,2018,2,Sun,FY18,4,Q4
11/05/2018,11,Nov,5,2018,3,Mon,FY18,4,Q4
11/06/2018,11,Nov,6,2018,4,Tue,FY18,4,Q4
11/07/2018,11,Nov,7,2018,5,Wed,FY18,4,Q4
11/08/2018,11,Nov,8,2018,6,Thu,FY18,4,Q4
11/09/2018,11,Nov,9,2018,7,Fri,FY18,4,Q4
11/10/2018,11,Nov,10,2018,1,Sat,FY18,4,Q4
11/11/2018,11,Nov,11,2018,2,Sun,FY18,4,Q4
11/12/2018,11,Nov,12,2018,3,Mon,FY18,4,Q4
11/13/2018,11,Nov,13,2018,4,Tue,FY18,4,Q4
11/14/2018,11,Nov,14,2018,5,Wed,FY18,4,Q4
11/15/2018,11,Nov,15,2018,6,Thu,FY18,4,Q4
11/16/2018,11,Nov,16,2018,7,Fri,FY18,4,Q4
11/17/2018,11,Nov,17,2018,1,Sat,FY18,4,Q4
11/18/2018,11,Nov,18,2018,2,Sun,FY18,4,Q4
11/19/2018,11,Nov,19,2018,3,Mon,FY18,4,Q4
11/20/2018,11,Nov,20,2018,4,Tue,FY18,4,Q4
11/21/2018,11,Nov,21,2018,5,Wed,FY18,4,Q4
11/22/2018,11,Nov,22,2018,6,Thu,FY18,4,Q4
11/23/2018,11,Nov,23,2018,7,Fri,FY18,4,Q4
11/24/2018,11,Nov,24,2018,1,Sat,FY18,4,Q4
11/25/2018,11,Nov,25,2018,2,Sun,FY18,4,Q4
11/26/2018,11,Nov,26,2018,3,Mon,FY18,4,Q4
11/27/2018,11,Nov,27,2018,4,Tue,FY18,4,Q4
11/28/2018,11,Nov,28,2018,5,Wed,FY18,4,Q4
11/29/2018,11,Nov,29,2018,6,Thu,FY18,4,Q4
11/30/2018,11,Nov,30,2018,7,Fri,FY18,4,Q4
12/01/2018,12,Dec,1,2018,1,Sat,FY18,4,Q4
12/02/2018,12,Dec,2,2018,2,Sun,FY18,4,Q4
12/03/2018,12,Dec,3,2018,3,Mon,FY18,4,Q4
12/04/2018,12,Dec,4,2018,4,Tue,FY18,4,Q4
12/05/2018,12,Dec,5,2018,5,Wed,FY18,4,Q4
12/06/2018,12,Dec,6,2018,6,Thu,FY18,4,Q4
12/07/2018,12,Dec,7,2018,7,Fri,FY18,4,Q4
12/08/2018,12,Dec,8,2018,1,Sat,FY18,4,Q4
12/09/2018,12,Dec,9,2018,2,Sun,FY18,4,Q4
12/10/2018,12,Dec,10,2018,3,Mon,FY18,4,Q4
12/11/2018,12,Dec,11,2018,4,Tue,FY18,4,Q4
12/12/2018,12,Dec,12,2018,5,Wed,FY18,4,Q4
12/13/2018,12,Dec,13,2018,6,Thu,FY18,4,Q4
12/14/2018,12,Dec,14,2018,7,Fri,FY18,4,Q4
12/15/2018,12,Dec,15,2018,1,Sat,FY18,4,Q4
12/16/2018,12,Dec,16,2018,2,Sun,FY18,4,Q4
12/17/2018,12,Dec,17,2018,3,Mon,FY18,4,Q4
12/18/2018,12,Dec,18,2018,4,Tue,FY18,4,Q4
12/19/2018,12,Dec,19,2018,5,Wed,FY18,4,Q4
12/20/2018,12,Dec,20,2018,6,Thu,FY18,4,Q4
12/21/2018,12,Dec,21,2018,7,Fri,FY18,4,Q4
12/22/2018,12,Dec,22,2018,1,Sat,FY18,4,Q4
12/23/2018,12,Dec,23,2018,2,Sun,FY18,4,Q4
12/24/2018,12,Dec,24,2018,3,Mon,FY18,4,Q4
12/25/2018,12,Dec,25,2018,4,Tue,FY18,4,Q4
12/26/2018,12,Dec,26,2018,5,Wed,FY18,4,Q4
12/27/2018,12,Dec,27,2018,6,Thu,FY18,4,Q4
12/28/2018,12,Dec,28,2018,7,Fri,FY18,4,Q4
12/29/2018,12,Dec,29,2018,1,Sat,FY18,4,Q4
12/30/2018,12,Dec,30,2018,2,Sun,FY18,4,Q4
12/31/2018,12,Dec,31,2018,3,Mon,FY18,4,Q4
